[24/02/2025 19:06:26] Application starting
[24/02/2025 19:06:26] version 1.6.10.1549
[24/02/2025 19:06:26] FL path is "E:\Program Files\FL Studio\"
[24/02/2025 19:06:26] Plugin database path is "E:\Music\Compositions\music\FL\FL Studio\Presets\Plugin database\"
[24/02/2025 19:06:26] LoadExistingPresets
[24/02/2025 19:06:26]     Clear
[24/02/2025 19:06:27]     Finished (LoadExistingPresets) - count=189
[24/02/2025 19:06:34] Scan
[24/02/2025 19:06:34]   [FL] E:\Program Files\FL Studio\Plugins\Fruity\Effects\
[24/02/2025 19:06:34]   [FL] E:\Program Files\FL Studio\Plugins\Fruity\Generators\
[24/02/2025 19:06:34]   [VST] E:\Program Files\Cakewalk\Vstplugins\
[24/02/2025 19:06:34]   [VST] C:\Program Files (x86)\Steinberg\VstPlugins\
[24/02/2025 19:06:34]   [VST] e:\program files\fl studio\Plugins\VST\
[24/02/2025 19:06:34]   [VST3] C:\Program Files (x86)\Common Files\VST3\
[24/02/2025 19:06:34]   [VST3] C:\Program Files\Common Files\VST3\
[24/02/2025 19:06:34]   [VST] e:\program files\fl studio\Plugins\Downloaded\
[24/02/2025 19:06:34]   [VST] e:\program files\fl studio\Plugins\Downloaded\VST\
[24/02/2025 19:06:34]   [VST] e:\program files\fl studio\Plugins\Downloaded\VST3\
[24/02/2025 19:06:34]   Options: noscannerexe verify store bridge threaded
[24/02/2025 19:06:34] Scan - internal
[24/02/2025 19:06:34]     LoadExistingPresets
[24/02/2025 19:06:34]         Clear
[24/02/2025 19:06:34]         Finished (LoadExistingPresets) - count=189
[24/02/2025 19:06:34]     Loaded existing presets - count=189
[24/02/2025 19:06:34]     Ensure plugins still exist
[24/02/2025 19:06:35]     Deleted missing presets - count=189
[24/02/2025 19:06:35]     Find files
[24/02/2025 19:06:35]     Find plugins
[24/02/2025 19:06:35]         Scanning FL
[24/02/2025 19:06:35]             Scanning... [FL] E:\Program Files\FL Studio\Plugins\Fruity\Effects\
[24/02/2025 19:06:35]             search path: E:\Program Files\FL Studio\Plugins\Fruity\Effects\
[24/02/2025 19:06:35]             Scanning... [FL] E:\Program Files\FL Studio\Plugins\Fruity\Generators\
[24/02/2025 19:06:35]             search path: E:\Program Files\FL Studio\Plugins\Fruity\Generators\
[24/02/2025 19:06:35]             Found 233 plugins
[24/02/2025 19:06:35]             Finished (FL)
[24/02/2025 19:06:35]         Scanning VST
[24/02/2025 19:06:35]             Scanning... [VST] E:\Program Files\Cakewalk\Vstplugins\
[24/02/2025 19:06:35]             search path: E:\Program Files\Cakewalk\Vstplugins\
[24/02/2025 19:06:35]             Scanning... [VST] C:\Program Files (x86)\Steinberg\VstPlugins\
[24/02/2025 19:06:35]             search path: C:\Program Files (x86)\Steinberg\VstPlugins\
[24/02/2025 19:06:35]             Scanning... [VST] e:\program files\fl studio\Plugins\VST\
[24/02/2025 19:06:35]             search path: e:\program files\fl studio\Plugins\VST\
[24/02/2025 19:06:35]             Scanning... [VST] e:\program files\fl studio\Plugins\Downloaded\
[24/02/2025 19:06:35]             search path: e:\program files\fl studio\Plugins\Downloaded\
[24/02/2025 19:06:36]             Scanning... [VST] e:\program files\fl studio\Plugins\Downloaded\VST\
[24/02/2025 19:06:36]             search path: e:\program files\fl studio\Plugins\Downloaded\VST\
[24/02/2025 19:06:36]             Scanning... [VST] e:\program files\fl studio\Plugins\Downloaded\VST3\
[24/02/2025 19:06:36]             search path: e:\program files\fl studio\Plugins\Downloaded\VST3\
[24/02/2025 19:06:36]             Found 36 plugins
[24/02/2025 19:06:36]             Finished (VST)
[24/02/2025 19:06:36]         Scanning VST3
[24/02/2025 19:06:36]             Scanning... [VST3] C:\Program Files (x86)\Common Files\VST3\
[24/02/2025 19:06:36]             search path: C:\Program Files (x86)\Common Files\VST3\
[24/02/2025 19:06:36]             Scanning... [VST3] C:\Program Files\Common Files\VST3\
[24/02/2025 19:06:36]             search path: C:\Program Files\Common Files\VST3\
[24/02/2025 19:06:36]             Found 54 plugins
[24/02/2025 19:06:36]             Finished (VST3)
[24/02/2025 19:06:36]         Finished (find plugins)
[24/02/2025 19:06:36]     Verify plugins
[24/02/2025 19:06:36]     Skipped - E:\Program Files\FL Studio\Plugins\Fruity\Effects\Control Surface\Control Surface.dll
[24/02/2025 19:06:36]     Skipped - E:\Program Files\FL Studio\Plugins\Fruity\Effects\Control Surface\Control Surface_x64.dll
[24/02/2025 19:06:36]     Skipped - E:\Program Files\FL Studio\Plugins\Fruity\Effects\Distructor\Distructor.dll
[24/02/2025 19:06:36]     Skipped - E:\Program Files\FL Studio\Plugins\Fruity\Effects\Distructor\Distructor_x64.dll
[24/02/2025 19:06:36]     Skipped - E:\Program Files\FL Studio\Plugins\Fruity\Effects\Edison\Edison.dll
[24/02/2025 19:06:36]     Skipped - E:\Program Files\FL Studio\Plugins\Fruity\Effects\Edison\Edison_x64.dll
[24/02/2025 19:06:36]     Skipped - E:\Program Files\FL Studio\Plugins\Fruity\Effects\Effector\Effector.dll
[24/02/2025 19:06:36]     Skipped - E:\Program Files\FL Studio\Plugins\Fruity\Effects\Effector\Effector_x64.dll
[24/02/2025 19:06:36]     Skipped - E:\Program Files\FL Studio\Plugins\Fruity\Effects\EQUO\EQUO.dll
[24/02/2025 19:06:36]     Skipped - E:\Program Files\FL Studio\Plugins\Fruity\Effects\EQUO\EQUO_x64.dll
[24/02/2025 19:06:36]     Skipped - E:\Program Files\FL Studio\Plugins\Fruity\Effects\Fruity 7 Band EQ\Fruity 7 Band EQ.dll
[24/02/2025 19:06:36]     Skipped - E:\Program Files\FL Studio\Plugins\Fruity\Effects\Fruity 7 Band EQ\Fruity 7 Band EQ_x64.dll
[24/02/2025 19:06:36]     Skipped - E:\Program Files\FL Studio\Plugins\Fruity\Effects\Fruity Balance\Fruity Balance.dll
[24/02/2025 19:06:36]     Skipped - E:\Program Files\FL Studio\Plugins\Fruity\Effects\Fruity Balance\Fruity Balance_x64.dll
[24/02/2025 19:06:36]     Skipped - E:\Program Files\FL Studio\Plugins\Fruity\Effects\Fruity Bass Boost\Fruity Bass Boost.dll
[24/02/2025 19:06:36]     Skipped - E:\Program Files\FL Studio\Plugins\Fruity\Effects\Fruity Bass Boost\Fruity Bass Boost_x64.dll
[24/02/2025 19:06:36]     Skipped - E:\Program Files\FL Studio\Plugins\Fruity\Effects\Fruity Big Clock\Fruity Big Clock.dll
[24/02/2025 19:06:36]     Skipped - E:\Program Files\FL Studio\Plugins\Fruity\Effects\Fruity Big Clock\Fruity Big Clock_x64.dll
[24/02/2025 19:06:36]     Skipped - E:\Program Files\FL Studio\Plugins\Fruity\Effects\Fruity Blood Overdrive\Fruity Blood Overdrive.dll
[24/02/2025 19:06:36]     Skipped - E:\Program Files\FL Studio\Plugins\Fruity\Effects\Fruity Blood Overdrive\Fruity Blood Overdrive_x64.dll
[24/02/2025 19:06:36]     Skipped - E:\Program Files\FL Studio\Plugins\Fruity\Effects\Fruity Center\Fruity Center.dll
[24/02/2025 19:06:36]     Skipped - E:\Program Files\FL Studio\Plugins\Fruity\Effects\Fruity Center\Fruity Center_x64.dll
[24/02/2025 19:06:36]     Skipped - E:\Program Files\FL Studio\Plugins\Fruity\Effects\Fruity Chorus\Fruity Chorus.dll
[24/02/2025 19:06:36]     Skipped - E:\Program Files\FL Studio\Plugins\Fruity\Effects\Fruity Chorus\Fruity Chorus_x64.dll
[24/02/2025 19:06:36]     Skipped - E:\Program Files\FL Studio\Plugins\Fruity\Effects\Fruity Compressor\Fruity Compressor.dll
[24/02/2025 19:06:36]     Skipped - E:\Program Files\FL Studio\Plugins\Fruity\Effects\Fruity Compressor\Fruity Compressor_x64.dll
[24/02/2025 19:06:36]     Skipped - E:\Program Files\FL Studio\Plugins\Fruity\Effects\Fruity Convolver\Fruity Convolver.dll
[24/02/2025 19:06:36]     Skipped - E:\Program Files\FL Studio\Plugins\Fruity\Effects\Fruity Convolver\Fruity Convolver_x64.dll
[24/02/2025 19:06:36]     Skipped - E:\Program Files\FL Studio\Plugins\Fruity\Effects\Fruity dB Meter\Fruity dB Meter.dll
[24/02/2025 19:06:36]     Skipped - E:\Program Files\FL Studio\Plugins\Fruity\Effects\Fruity dB Meter\Fruity dB Meter_x64.dll
[24/02/2025 19:06:36]     Skipped - E:\Program Files\FL Studio\Plugins\Fruity\Effects\Fruity Delay\Fruity Delay.dll
[24/02/2025 19:06:36]     Skipped - E:\Program Files\FL Studio\Plugins\Fruity\Effects\Fruity Delay\Fruity Delay_x64.dll
[24/02/2025 19:06:36]     Skipped - E:\Program Files\FL Studio\Plugins\Fruity\Effects\Fruity Delay 2\Fruity Delay 2.dll
[24/02/2025 19:06:36]     Skipped - E:\Program Files\FL Studio\Plugins\Fruity\Effects\Fruity Delay 2\Fruity Delay 2_x64.dll
[24/02/2025 19:06:36]     Skipped - E:\Program Files\FL Studio\Plugins\Fruity\Effects\Fruity Delay 3\Fruity Delay 3.dll
[24/02/2025 19:06:36]     Skipped - E:\Program Files\FL Studio\Plugins\Fruity\Effects\Fruity Delay 3\Fruity Delay 3_x64.dll
[24/02/2025 19:06:36]     Skipped - E:\Program Files\FL Studio\Plugins\Fruity\Effects\Fruity Delay Bank\Fruity Delay Bank.dll
[24/02/2025 19:06:36]     Skipped - E:\Program Files\FL Studio\Plugins\Fruity\Effects\Fruity Delay Bank\Fruity Delay Bank_x64.dll
[24/02/2025 19:06:36]     Skipped - E:\Program Files\FL Studio\Plugins\Fruity\Effects\Fruity Fast Dist\Fruity Fast Dist.dll
[24/02/2025 19:06:36]     Skipped - E:\Program Files\FL Studio\Plugins\Fruity\Effects\Fruity Fast Dist\Fruity Fast Dist_x64.dll
[24/02/2025 19:06:36]     Skipped - E:\Program Files\FL Studio\Plugins\Fruity\Effects\Fruity Fast LP\Fruity Fast LP.dll
[24/02/2025 19:06:36]     Skipped - E:\Program Files\FL Studio\Plugins\Fruity\Effects\Fruity Fast LP\Fruity Fast LP_x64.dll
[24/02/2025 19:06:36]     Skipped - E:\Program Files\FL Studio\Plugins\Fruity\Effects\Fruity Filter\Fruity Filter.dll
[24/02/2025 19:06:36]     Skipped - E:\Program Files\FL Studio\Plugins\Fruity\Effects\Fruity Filter\Fruity Filter_x64.dll
[24/02/2025 19:06:36]     Skipped - E:\Program Files\FL Studio\Plugins\Fruity\Effects\Fruity Flanger\Fruity Flanger.dll
[24/02/2025 19:06:36]     Skipped - E:\Program Files\FL Studio\Plugins\Fruity\Effects\Fruity Flanger\Fruity Flanger_x64.dll
[24/02/2025 19:06:36]     Skipped - E:\Program Files\FL Studio\Plugins\Fruity\Effects\Fruity Flangus\Fruity Flangus.dll
[24/02/2025 19:06:36]     Skipped - E:\Program Files\FL Studio\Plugins\Fruity\Effects\Fruity Flangus\Fruity Flangus_x64.dll
[24/02/2025 19:06:36]     Skipped - E:\Program Files\FL Studio\Plugins\Fruity\Effects\Fruity Formula Controller\Fruity Formula Controller.dll
[24/02/2025 19:06:36]     Skipped - E:\Program Files\FL Studio\Plugins\Fruity\Effects\Fruity Formula Controller\Fruity Formula Controller_x64.dll
[24/02/2025 19:06:36]     Skipped - E:\Program Files\FL Studio\Plugins\Fruity\Effects\Fruity Free Filter\Fruity Free Filter.dll
[24/02/2025 19:06:36]     Skipped - E:\Program Files\FL Studio\Plugins\Fruity\Effects\Fruity Free Filter\Fruity Free Filter_x64.dll
[24/02/2025 19:06:36]     Skipped - E:\Program Files\FL Studio\Plugins\Fruity\Effects\Fruity HTML NoteBook\Fruity HTML NoteBook.dll
[24/02/2025 19:06:36]     Skipped - E:\Program Files\FL Studio\Plugins\Fruity\Effects\Fruity HTML NoteBook\Fruity HTML NoteBook_x64.dll
[24/02/2025 19:06:36]     Skipped - E:\Program Files\FL Studio\Plugins\Fruity\Effects\Fruity Limiter\Fruity Limiter.dll
[24/02/2025 19:06:36]     Skipped - E:\Program Files\FL Studio\Plugins\Fruity\Effects\Fruity Limiter\Fruity Limiter_x64.dll
[24/02/2025 19:06:36]     Skipped - E:\Program Files\FL Studio\Plugins\Fruity\Effects\Fruity Love Philter\Fruity Love Philter.dll
[24/02/2025 19:06:36]     Skipped - E:\Program Files\FL Studio\Plugins\Fruity\Effects\Fruity Love Philter\Fruity Love Philter_x64.dll
[24/02/2025 19:06:36]     Skipped - E:\Program Files\FL Studio\Plugins\Fruity\Effects\Fruity LSD\Fruity LSD.dll
[24/02/2025 19:06:36]     Skipped - E:\Program Files\FL Studio\Plugins\Fruity\Effects\Fruity LSD\Fruity LSD_x64.dll
[24/02/2025 19:06:36]     Skipped - E:\Program Files\FL Studio\Plugins\Fruity\Effects\Fruity Multiband Compressor\Fruity Multiband Compressor.dll
[24/02/2025 19:06:36]     Skipped - E:\Program Files\FL Studio\Plugins\Fruity\Effects\Fruity Multiband Compressor\Fruity Multiband Compressor_x64.dll
[24/02/2025 19:06:36]     Skipped - E:\Program Files\FL Studio\Plugins\Fruity\Effects\Fruity Mute 2\Fruity Mute 2.dll
[24/02/2025 19:06:36]     Skipped - E:\Program Files\FL Studio\Plugins\Fruity\Effects\Fruity Mute 2\Fruity Mute 2_x64.dll
[24/02/2025 19:06:36]     Skipped - E:\Program Files\FL Studio\Plugins\Fruity\Effects\Fruity NoteBook\Fruity NoteBook.dll
[24/02/2025 19:06:36]     Skipped - E:\Program Files\FL Studio\Plugins\Fruity\Effects\Fruity NoteBook\Fruity NoteBook_x64.dll
[24/02/2025 19:06:36]     Skipped - E:\Program Files\FL Studio\Plugins\Fruity\Effects\Fruity NoteBook 2\Fruity NoteBook 2.dll
[24/02/2025 19:06:36]     Skipped - E:\Program Files\FL Studio\Plugins\Fruity\Effects\Fruity NoteBook 2\Fruity NoteBook 2_x64.dll
[24/02/2025 19:06:36]     Skipped - E:\Program Files\FL Studio\Plugins\Fruity\Effects\Fruity PanOMatic\Fruity PanOMatic.dll
[24/02/2025 19:06:36]     Skipped - E:\Program Files\FL Studio\Plugins\Fruity\Effects\Fruity PanOMatic\Fruity PanOMatic_x64.dll
[24/02/2025 19:06:36]     Skipped - E:\Program Files\FL Studio\Plugins\Fruity\Effects\Fruity Parametric EQ\Fruity Parametric EQ.dll
[24/02/2025 19:06:36]     Skipped - E:\Program Files\FL Studio\Plugins\Fruity\Effects\Fruity Parametric EQ\Fruity Parametric EQ_x64.dll
[24/02/2025 19:06:36]     Skipped - E:\Program Files\FL Studio\Plugins\Fruity\Effects\Fruity Parametric EQ 2\Fruity Parametric EQ 2.dll
[24/02/2025 19:06:36]     Skipped - E:\Program Files\FL Studio\Plugins\Fruity\Effects\Fruity Parametric EQ 2\Fruity Parametric EQ 2_x64.dll
[24/02/2025 19:06:36]     Skipped - E:\Program Files\FL Studio\Plugins\Fruity\Effects\Fruity Peak Controller\Fruity Peak Controller.dll
[24/02/2025 19:06:36]     Skipped - E:\Program Files\FL Studio\Plugins\Fruity\Effects\Fruity Peak Controller\Fruity Peak Controller_x64.dll
[24/02/2025 19:06:36]     Skipped - E:\Program Files\FL Studio\Plugins\Fruity\Effects\Fruity Phase Inverter\Fruity Phase Inverter.dll
[24/02/2025 19:06:36]     Skipped - E:\Program Files\FL Studio\Plugins\Fruity\Effects\Fruity Phase Inverter\Fruity Phase Inverter_x64.dll
[24/02/2025 19:06:36]     Skipped - E:\Program Files\FL Studio\Plugins\Fruity\Effects\Fruity Phaser\Fruity Phaser.dll
[24/02/2025 19:06:36]     Skipped - E:\Program Files\FL Studio\Plugins\Fruity\Effects\Fruity Phaser\Fruity Phaser_x64.dll
[24/02/2025 19:06:36]     Skipped - E:\Program Files\FL Studio\Plugins\Fruity\Effects\Fruity Reeverb\Fruity Reeverb.dll
[24/02/2025 19:06:36]     Skipped - E:\Program Files\FL Studio\Plugins\Fruity\Effects\Fruity Reeverb\Fruity Reeverb_x64.dll
[24/02/2025 19:06:36]     Skipped - E:\Program Files\FL Studio\Plugins\Fruity\Effects\Fruity Reeverb 2\Fruity Reeverb 2.dll
[24/02/2025 19:06:36]     Skipped - E:\Program Files\FL Studio\Plugins\Fruity\Effects\Fruity Reeverb 2\Fruity Reeverb 2_x64.dll
[24/02/2025 19:06:36]     Skipped - E:\Program Files\FL Studio\Plugins\Fruity\Effects\Fruity Scratcher\Fruity Scratcher.dll
[24/02/2025 19:06:36]     Skipped - E:\Program Files\FL Studio\Plugins\Fruity\Effects\Fruity Scratcher\Fruity Scratcher_x64.dll
[24/02/2025 19:06:36]     Skipped - E:\Program Files\FL Studio\Plugins\Fruity\Effects\Fruity Send\Fruity Send.dll
[24/02/2025 19:06:36]     Skipped - E:\Program Files\FL Studio\Plugins\Fruity\Effects\Fruity Send\Fruity Send_x64.dll
[24/02/2025 19:06:36]     Skipped - E:\Program Files\FL Studio\Plugins\Fruity\Effects\Fruity Soft Clipper\Fruity Soft Clipper.dll
[24/02/2025 19:06:36]     Skipped - E:\Program Files\FL Studio\Plugins\Fruity\Effects\Fruity Soft Clipper\Fruity Soft Clipper_x64.dll
[24/02/2025 19:06:36]     Skipped - E:\Program Files\FL Studio\Plugins\Fruity\Effects\Fruity Spectroman\Fruity Spectroman.dll
[24/02/2025 19:06:36]     Skipped - E:\Program Files\FL Studio\Plugins\Fruity\Effects\Fruity Spectroman\Fruity Spectroman_x64.dll
[24/02/2025 19:06:36]     Skipped - E:\Program Files\FL Studio\Plugins\Fruity\Effects\Fruity Squeeze\Fruity Squeeze.dll
[24/02/2025 19:06:36]     Skipped - E:\Program Files\FL Studio\Plugins\Fruity\Effects\Fruity Squeeze\Fruity Squeeze_x64.dll
[24/02/2025 19:06:36]     Skipped - E:\Program Files\FL Studio\Plugins\Fruity\Effects\Fruity Stereo Enhancer\Fruity Stereo Enhancer.dll
[24/02/2025 19:06:36]     Skipped - E:\Program Files\FL Studio\Plugins\Fruity\Effects\Fruity Stereo Enhancer\Fruity Stereo Enhancer_x64.dll
[24/02/2025 19:06:36]     Skipped - E:\Program Files\FL Studio\Plugins\Fruity\Effects\Fruity Stereo Shaper\Fruity Stereo Shaper.dll
[24/02/2025 19:06:36]     Skipped - E:\Program Files\FL Studio\Plugins\Fruity\Effects\Fruity Stereo Shaper\Fruity Stereo Shaper_x64.dll
[24/02/2025 19:06:36]     Skipped - E:\Program Files\FL Studio\Plugins\Fruity\Effects\Fruity Vocoder\Fruity Vocoder.dll
[24/02/2025 19:06:36]     Skipped - E:\Program Files\FL Studio\Plugins\Fruity\Effects\Fruity Vocoder\Fruity Vocoder_x64.dll
[24/02/2025 19:06:36]     Skipped - E:\Program Files\FL Studio\Plugins\Fruity\Effects\Fruity WaveShaper\Fruity WaveShaper.dll
[24/02/2025 19:06:36]     Skipped - E:\Program Files\FL Studio\Plugins\Fruity\Effects\Fruity WaveShaper\Fruity WaveShaper_x64.dll
[24/02/2025 19:06:36]     Skipped - E:\Program Files\FL Studio\Plugins\Fruity\Effects\Fruity Wrapper\Fruity Wrapper.dll
[24/02/2025 19:06:36]     Skipped - E:\Program Files\FL Studio\Plugins\Fruity\Effects\Fruity Wrapper\Fruity Wrapper_x64.dll
[24/02/2025 19:06:36]     Skipped - E:\Program Files\FL Studio\Plugins\Fruity\Effects\Fruity X-Y Controller\Fruity X-Y Controller.dll
[24/02/2025 19:06:36]     Skipped - E:\Program Files\FL Studio\Plugins\Fruity\Effects\Fruity X-Y Controller\Fruity X-Y Controller_x64.dll
[24/02/2025 19:06:36]     Skipped - E:\Program Files\FL Studio\Plugins\Fruity\Effects\Fruity X-Y-Z Controller\Fruity X-Y-Z Controller.dll
[24/02/2025 19:06:36]     Skipped - E:\Program Files\FL Studio\Plugins\Fruity\Effects\Fruity X-Y-Z Controller\Fruity X-Y-Z Controller_x64.dll
[24/02/2025 19:06:36]     Skipped - E:\Program Files\FL Studio\Plugins\Fruity\Effects\Gross Beat\Gross Beat.dll
[24/02/2025 19:06:36]     Skipped - E:\Program Files\FL Studio\Plugins\Fruity\Effects\Gross Beat\Gross Beat_x64.dll
[24/02/2025 19:06:36]     Skipped - E:\Program Files\FL Studio\Plugins\Fruity\Effects\Hardcore\Hardcore.dll
[24/02/2025 19:06:36]     Skipped - E:\Program Files\FL Studio\Plugins\Fruity\Effects\Hardcore\Hardcore_x64.dll
[24/02/2025 19:06:36]     Skipped - E:\Program Files\FL Studio\Plugins\Fruity\Effects\Maximus\Maximus.dll
[24/02/2025 19:06:36]     Skipped - E:\Program Files\FL Studio\Plugins\Fruity\Effects\Maximus\Maximus_x64.dll
[24/02/2025 19:06:36]     Skipped - E:\Program Files\FL Studio\Plugins\Fruity\Effects\Newtime\Newtime.dll
[24/02/2025 19:06:36]     Skipped - E:\Program Files\FL Studio\Plugins\Fruity\Effects\Newtime\Newtime_x64.dll
[24/02/2025 19:06:36]     Skipped - E:\Program Files\FL Studio\Plugins\Fruity\Effects\Newtone\Newtone.dll
[24/02/2025 19:06:36]     Skipped - E:\Program Files\FL Studio\Plugins\Fruity\Effects\Newtone\Newtone_x64.dll
[24/02/2025 19:06:36]     Skipped - E:\Program Files\FL Studio\Plugins\Fruity\Effects\Patcher\Patcher.dll
[24/02/2025 19:06:36]     Skipped - E:\Program Files\FL Studio\Plugins\Fruity\Effects\Patcher\Patcher_x64.dll
[24/02/2025 19:06:36]     Skipped - E:\Program Files\FL Studio\Plugins\Fruity\Effects\Pitcher\Pitcher.dll
[24/02/2025 19:06:36]     Skipped - E:\Program Files\FL Studio\Plugins\Fruity\Effects\Pitcher\Pitcher_x64.dll
[24/02/2025 19:06:36]     Skipped - E:\Program Files\FL Studio\Plugins\Fruity\Effects\Razer Chroma\Razer Chroma.dll
[24/02/2025 19:06:36]     Skipped - E:\Program Files\FL Studio\Plugins\Fruity\Effects\Razer Chroma\Razer Chroma_x64.dll
[24/02/2025 19:06:36]     Skipped - E:\Program Files\FL Studio\Plugins\Fruity\Effects\Soundgoodizer\Soundgoodizer.dll
[24/02/2025 19:06:36]     Skipped - E:\Program Files\FL Studio\Plugins\Fruity\Effects\Soundgoodizer\Soundgoodizer_x64.dll
[24/02/2025 19:06:36]     Skipped - E:\Program Files\FL Studio\Plugins\Fruity\Effects\Transient Processor\Transient Processor.dll
[24/02/2025 19:06:36]     Skipped - E:\Program Files\FL Studio\Plugins\Fruity\Effects\Transient Processor\Transient Processor_x64.dll
[24/02/2025 19:06:36]     Skipped - E:\Program Files\FL Studio\Plugins\Fruity\Effects\VFX Color Mapper\VFX Color Mapper.dll
[24/02/2025 19:06:36]     Skipped - E:\Program Files\FL Studio\Plugins\Fruity\Effects\VFX Color Mapper\VFX Color Mapper_x64.dll
[24/02/2025 19:06:36]     Skipped - E:\Program Files\FL Studio\Plugins\Fruity\Effects\VFX Key Mapper\VFX Key Mapper.dll
[24/02/2025 19:06:36]     Skipped - E:\Program Files\FL Studio\Plugins\Fruity\Effects\VFX Key Mapper\VFX Key Mapper_x64.dll
[24/02/2025 19:06:36]     Skipped - E:\Program Files\FL Studio\Plugins\Fruity\Effects\VFX Keyboard Splitter\VFX Keyboard Splitter.dll
[24/02/2025 19:06:36]     Skipped - E:\Program Files\FL Studio\Plugins\Fruity\Effects\VFX Keyboard Splitter\VFX Keyboard Splitter_x64.dll
[24/02/2025 19:06:36]     Skipped - E:\Program Files\FL Studio\Plugins\Fruity\Effects\VFX Level Scaler\VFX Level Scaler.dll
[24/02/2025 19:06:36]     Skipped - E:\Program Files\FL Studio\Plugins\Fruity\Effects\VFX Level Scaler\VFX Level Scaler_x64.dll
[24/02/2025 19:06:36]     Skipped - E:\Program Files\FL Studio\Plugins\Fruity\Effects\Vocodex\Vocodex.dll
[24/02/2025 19:06:36]     Skipped - E:\Program Files\FL Studio\Plugins\Fruity\Effects\Vocodex\Vocodex_x64.dll
[24/02/2025 19:06:36]     Skipped - E:\Program Files\FL Studio\Plugins\Fruity\Effects\Wave Candy\Wave Candy.dll
[24/02/2025 19:06:36]     Skipped - E:\Program Files\FL Studio\Plugins\Fruity\Effects\Wave Candy\Wave Candy_x64.dll
[24/02/2025 19:06:36]     Skipped - E:\Program Files\FL Studio\Plugins\Fruity\Effects\ZGameEditor Visualizer\ZGameEditor Visualizer.dll
[24/02/2025 19:06:36]     Skipped - E:\Program Files\FL Studio\Plugins\Fruity\Effects\ZGameEditor Visualizer\ZGameEditor Visualizer_x64.dll
[24/02/2025 19:06:36]     Skipped - E:\Program Files\FL Studio\Plugins\Fruity\Generators\3x Osc\3x Osc.dll
[24/02/2025 19:06:36]     Skipped - E:\Program Files\FL Studio\Plugins\Fruity\Generators\3x Osc\3x Osc_x64.dll
[24/02/2025 19:06:36]     Skipped - E:\Program Files\FL Studio\Plugins\Fruity\Generators\Autogun\Autogun.dll
[24/02/2025 19:06:36]     Skipped - E:\Program Files\FL Studio\Plugins\Fruity\Generators\Autogun\Autogun_x64.dll
[24/02/2025 19:06:36]     Skipped - E:\Program Files\FL Studio\Plugins\Fruity\Generators\BassDrum\BassDrum.dll
[24/02/2025 19:06:36]     Skipped - E:\Program Files\FL Studio\Plugins\Fruity\Generators\BassDrum\BassDrum_x64.dll
[24/02/2025 19:06:36]     Skipped - E:\Program Files\FL Studio\Plugins\Fruity\Generators\BeepMap\BeepMap.dll
[24/02/2025 19:06:36]     Skipped - E:\Program Files\FL Studio\Plugins\Fruity\Generators\BeepMap\BeepMap_x64.dll
[24/02/2025 19:06:36]     Skipped - E:\Program Files\FL Studio\Plugins\Fruity\Generators\BooBass\BooBass.dll
[24/02/2025 19:06:36]     Skipped - E:\Program Files\FL Studio\Plugins\Fruity\Generators\BooBass\BooBass_x64.dll
[24/02/2025 19:06:36]     Skipped - E:\Program Files\FL Studio\Plugins\Fruity\Generators\Dashboard\Dashboard.dll
[24/02/2025 19:06:36]     Skipped - E:\Program Files\FL Studio\Plugins\Fruity\Generators\Dashboard\Dashboard_x64.dll
[24/02/2025 19:06:36]     Skipped - E:\Program Files\FL Studio\Plugins\Fruity\Generators\DirectWave\DirectWave.dll
[24/02/2025 19:06:36]     Skipped - E:\Program Files\FL Studio\Plugins\Fruity\Generators\DirectWave\DirectWave_x64.dll
[24/02/2025 19:06:36]     Skipped - E:\Program Files\FL Studio\Plugins\Fruity\Generators\Drumaxx\Drumaxx.dll
[24/02/2025 19:06:36]     Skipped - E:\Program Files\FL Studio\Plugins\Fruity\Generators\Drumaxx\Drumaxx_x64.dll
[24/02/2025 19:06:36]     Skipped - E:\Program Files\FL Studio\Plugins\Fruity\Generators\Drumpad\Drumpad.dll
[24/02/2025 19:06:36]     Skipped - E:\Program Files\FL Studio\Plugins\Fruity\Generators\Drumpad\Drumpad_x64.dll
[24/02/2025 19:06:36]     Skipped - E:\Program Files\FL Studio\Plugins\Fruity\Generators\FL Keys\FL Keys.dll
[24/02/2025 19:06:36]     Skipped - E:\Program Files\FL Studio\Plugins\Fruity\Generators\FL Keys\FL Keys_x64.dll
[24/02/2025 19:06:36]     Skipped - E:\Program Files\FL Studio\Plugins\Fruity\Generators\FL Slayer\FL Slayer.dll
[24/02/2025 19:06:36]     Skipped - E:\Program Files\FL Studio\Plugins\Fruity\Generators\FL Slayer\FL Slayer_x64.dll
[24/02/2025 19:06:36]     Skipped - E:\Program Files\FL Studio\Plugins\Fruity\Generators\FL Studio Mobile\FL Studio Mobile.dll
[24/02/2025 19:06:36]     Skipped - E:\Program Files\FL Studio\Plugins\Fruity\Generators\FL Studio Mobile\FL Studio Mobile_x64.dll
[24/02/2025 19:06:36]     Skipped - E:\Program Files\FL Studio\Plugins\Fruity\Generators\FLEX\FLEX.dll
[24/02/2025 19:06:36]     Skipped - E:\Program Files\FL Studio\Plugins\Fruity\Generators\FLEX\FLEX_x64.dll
[24/02/2025 19:06:36]     Skipped - E:\Program Files\FL Studio\Plugins\Fruity\Generators\FPC\FPC.dll
[24/02/2025 19:06:36]     Skipped - E:\Program Files\FL Studio\Plugins\Fruity\Generators\FPC\FPC_x64.dll
[24/02/2025 19:06:36]     Skipped - E:\Program Files\FL Studio\Plugins\Fruity\Generators\Fruit Kick\Fruit Kick.dll
[24/02/2025 19:06:36]     Skipped - E:\Program Files\FL Studio\Plugins\Fruity\Generators\Fruit Kick\Fruit Kick_x64.dll
[24/02/2025 19:06:36]     Skipped - E:\Program Files\FL Studio\Plugins\Fruity\Generators\Fruity Dance\Fruity Dance.dll
[24/02/2025 19:06:36]     Skipped - E:\Program Files\FL Studio\Plugins\Fruity\Generators\Fruity Dance\Fruity Dance_x64.dll
[24/02/2025 19:06:36]     Skipped - E:\Program Files\FL Studio\Plugins\Fruity\Generators\Fruity DrumSynth Live\Fruity DrumSynth Live.dll
[24/02/2025 19:06:36]     Skipped - E:\Program Files\FL Studio\Plugins\Fruity\Generators\Fruity DrumSynth Live\Fruity DrumSynth Live_x64.dll
[24/02/2025 19:06:36]     Skipped - E:\Program Files\FL Studio\Plugins\Fruity\Generators\Fruity DX10\Fruity DX10.dll
[24/02/2025 19:06:36]     Skipped - E:\Program Files\FL Studio\Plugins\Fruity\Generators\Fruity DX10\Fruity DX10_x64.dll
[24/02/2025 19:06:36]     Skipped - E:\Program Files\FL Studio\Plugins\Fruity\Generators\Fruity Envelope Controller\Fruity Envelope Controller.dll
[24/02/2025 19:06:36]     Skipped - E:\Program Files\FL Studio\Plugins\Fruity\Generators\Fruity Envelope Controller\Fruity Envelope Controller_x64.dll
[24/02/2025 19:06:36]     Skipped - E:\Program Files\FL Studio\Plugins\Fruity\Generators\Fruity Granulizer\Fruity Granulizer.dll
[24/02/2025 19:06:36]     Skipped - E:\Program Files\FL Studio\Plugins\Fruity\Generators\Fruity Granulizer\Fruity Granulizer_x64.dll
[24/02/2025 19:06:36]     Skipped - E:\Program Files\FL Studio\Plugins\Fruity\Generators\Fruity Keyboard Controller\Fruity Keyboard Controller.dll
[24/02/2025 19:06:36]     Skipped - E:\Program Files\FL Studio\Plugins\Fruity\Generators\Fruity Keyboard Controller\Fruity Keyboard Controller_x64.dll
[24/02/2025 19:06:36]     Skipped - E:\Program Files\FL Studio\Plugins\Fruity\Generators\Fruity Slicer\Fruity Slicer.dll
[24/02/2025 19:06:36]     Skipped - E:\Program Files\FL Studio\Plugins\Fruity\Generators\Fruity Slicer\Fruity Slicer_x64.dll
[24/02/2025 19:06:36]     Skipped - E:\Program Files\FL Studio\Plugins\Fruity\Generators\Fruity Soundfont Player\Fruity Soundfont Player.dll
[24/02/2025 19:06:36]     Skipped - E:\Program Files\FL Studio\Plugins\Fruity\Generators\Fruity Video Player\Fruity Video Player.dll
[24/02/2025 19:06:36]     Skipped - E:\Program Files\FL Studio\Plugins\Fruity\Generators\Fruity Video Player\Fruity Video Player_x64.dll
[24/02/2025 19:06:36]     Skipped - E:\Program Files\FL Studio\Plugins\Fruity\Generators\Fruity Voltage Controller\Fruity Voltage Controller.dll
[24/02/2025 19:06:36]     Skipped - E:\Program Files\FL Studio\Plugins\Fruity\Generators\Fruity Voltage Controller\Fruity Voltage Controller_x64.dll
[24/02/2025 19:06:36]     Skipped - E:\Program Files\FL Studio\Plugins\Fruity\Generators\Fruity Wrapper\Fruity Wrapper.dll
[24/02/2025 19:06:36]     Skipped - E:\Program Files\FL Studio\Plugins\Fruity\Generators\Fruity Wrapper\Fruity Wrapper_x64.dll
[24/02/2025 19:06:36]     Skipped - E:\Program Files\FL Studio\Plugins\Fruity\Generators\GMS\GMS.dll
[24/02/2025 19:06:36]     Skipped - E:\Program Files\FL Studio\Plugins\Fruity\Generators\GMS\GMS_x64.dll
[24/02/2025 19:06:36]     Skipped - E:\Program Files\FL Studio\Plugins\Fruity\Generators\Harmless\Harmless.dll
[24/02/2025 19:06:36]     Skipped - E:\Program Files\FL Studio\Plugins\Fruity\Generators\Harmless\Harmless_x64.dll
[24/02/2025 19:06:36]     Skipped - E:\Program Files\FL Studio\Plugins\Fruity\Generators\Harmor\Harmor.dll
[24/02/2025 19:06:36]     Skipped - E:\Program Files\FL Studio\Plugins\Fruity\Generators\Harmor\Harmor_x64.dll
[24/02/2025 19:06:36]     Skipped - E:\Program Files\FL Studio\Plugins\Fruity\Generators\MIDI Out\MIDI Out.dll
[24/02/2025 19:06:36]     Skipped - E:\Program Files\FL Studio\Plugins\Fruity\Generators\MIDI Out\MIDI Out_x64.dll
[24/02/2025 19:06:36]     Skipped - E:\Program Files\FL Studio\Plugins\Fruity\Generators\MiniSynth\MiniSynth.dll
[24/02/2025 19:06:36]     Skipped - E:\Program Files\FL Studio\Plugins\Fruity\Generators\MiniSynth\MiniSynth_x64.dll
[24/02/2025 19:06:36]     Skipped - E:\Program Files\FL Studio\Plugins\Fruity\Generators\Morphine\Morphine.dll
[24/02/2025 19:06:36]     Skipped - E:\Program Files\FL Studio\Plugins\Fruity\Generators\Morphine\Morphine_x64.dll
[24/02/2025 19:06:36]     Skipped - E:\Program Files\FL Studio\Plugins\Fruity\Generators\Ogun\Ogun.dll
[24/02/2025 19:06:36]     Skipped - E:\Program Files\FL Studio\Plugins\Fruity\Generators\Ogun\Ogun_x64.dll
[24/02/2025 19:06:36]     Skipped - E:\Program Files\FL Studio\Plugins\Fruity\Generators\Patcher\Patcher.dll
[24/02/2025 19:06:36]     Skipped - E:\Program Files\FL Studio\Plugins\Fruity\Generators\Patcher\Patcher_x64.dll
[24/02/2025 19:06:36]     Skipped - E:\Program Files\FL Studio\Plugins\Fruity\Generators\Plucked!\Plucked!.dll
[24/02/2025 19:06:36]     Skipped - E:\Program Files\FL Studio\Plugins\Fruity\Generators\Plucked!\Plucked!_x64.dll
[24/02/2025 19:06:36]     Skipped - E:\Program Files\FL Studio\Plugins\Fruity\Generators\PoiZone\PoiZone.dll
[24/02/2025 19:06:36]     Skipped - E:\Program Files\FL Studio\Plugins\Fruity\Generators\PoiZone\PoiZone_x64.dll
[24/02/2025 19:06:36]     Skipped - E:\Program Files\FL Studio\Plugins\Fruity\Generators\ReWired\ReWired.dll
[24/02/2025 19:06:36]     Skipped - E:\Program Files\FL Studio\Plugins\Fruity\Generators\ReWired\ReWired_x64.dll
[24/02/2025 19:06:36]     Skipped - E:\Program Files\FL Studio\Plugins\Fruity\Generators\Sakura\Sakura.dll
[24/02/2025 19:06:36]     Skipped - E:\Program Files\FL Studio\Plugins\Fruity\Generators\Sakura\Sakura_x64.dll
[24/02/2025 19:06:36]     Skipped - E:\Program Files\FL Studio\Plugins\Fruity\Generators\Sawer\Sawer.dll
[24/02/2025 19:06:36]     Skipped - E:\Program Files\FL Studio\Plugins\Fruity\Generators\Sawer\Sawer_x64.dll
[24/02/2025 19:06:36]     Skipped - E:\Program Files\FL Studio\Plugins\Fruity\Generators\SimSynth\SimSynth.dll
[24/02/2025 19:06:36]     Skipped - E:\Program Files\FL Studio\Plugins\Fruity\Generators\SimSynth\SimSynth_x64.dll
[24/02/2025 19:06:36]     Skipped - E:\Program Files\FL Studio\Plugins\Fruity\Generators\Slicex\Slicex.dll
[24/02/2025 19:06:36]     Skipped - E:\Program Files\FL Studio\Plugins\Fruity\Generators\Slicex\Slicex_x64.dll
[24/02/2025 19:06:36]     Skipped - E:\Program Files\FL Studio\Plugins\Fruity\Generators\Sytrus\Sytrus.dll
[24/02/2025 19:06:36]     Skipped - E:\Program Files\FL Studio\Plugins\Fruity\Generators\Sytrus\Sytrus_x64.dll
[24/02/2025 19:06:36]     Skipped - E:\Program Files\FL Studio\Plugins\Fruity\Generators\Toxic Biohazard\Toxic Biohazard.dll
[24/02/2025 19:06:36]     Skipped - E:\Program Files\FL Studio\Plugins\Fruity\Generators\Toxic Biohazard\Toxic Biohazard_x64.dll
[24/02/2025 19:06:36]     Skipped - E:\Program Files\FL Studio\Plugins\Fruity\Generators\Transistor Bass\Transistor Bass.dll
[24/02/2025 19:06:36]     Skipped - E:\Program Files\FL Studio\Plugins\Fruity\Generators\Transistor Bass\Transistor Bass_x64.dll
[24/02/2025 19:06:36]     Skipped - E:\Program Files\FL Studio\Plugins\Fruity\Generators\Wasp\Wasp.dll
[24/02/2025 19:06:36]     Skipped - E:\Program Files\FL Studio\Plugins\Fruity\Generators\Wasp XT\Wasp XT.dll
[24/02/2025 19:06:36]     Skipped - E:\Program Files\FL Studio\Plugins\Fruity\Generators\Wave Traveller\Wave Traveller.dll
[24/02/2025 19:06:36]     Skipped - E:\Program Files\FL Studio\Plugins\Fruity\Generators\Wave Traveller\Wave Traveller_x64.dll
[24/02/2025 19:06:36]     Skipped - E:\Program Files\Cakewalk\Vstplugins\TDR Nova.dll
[24/02/2025 19:06:36]     Skipped - C:\Program Files (x86)\Steinberg\VstPlugins\TDR Nova.dll
[24/02/2025 19:06:36]     Skipped - e:\program files\fl studio\Plugins\Downloaded\Ample Bass P.dll
[24/02/2025 19:06:36]     Skipped - e:\program files\fl studio\Plugins\Downloaded\Ample Bass U.dll
[24/02/2025 19:06:36]     Skipped - e:\program files\fl studio\Plugins\Downloaded\Ample Ethno U.dll
[24/02/2025 19:06:36]     Skipped - e:\program files\fl studio\Plugins\Downloaded\Ample Guitar LP.dll
[24/02/2025 19:06:36]     Skipped - e:\program files\fl studio\Plugins\Downloaded\Ample Guitar M.dll
[24/02/2025 19:06:36]     Skipped - e:\program files\fl studio\Plugins\Downloaded\APC.dll
[24/02/2025 19:06:36]     Skipped - e:\program files\fl studio\Plugins\Downloaded\APCx86.dll
[24/02/2025 19:06:36]     Skipped - e:\program files\fl studio\Plugins\Downloaded\CamelCrusher\CamelCrusher.dll
[24/02/2025 19:06:36]     Skipped - e:\program files\fl studio\Plugins\Downloaded\Crystal Harp 64-bit Windows VST v1.0\Crystal Harp.dll
[24/02/2025 19:06:36]     Skipped - e:\program files\fl studio\Plugins\Downloaded\DSK Asian DreamZ\DSK Asian DreamZ.dll
[24/02/2025 19:06:36]     Skipped - e:\program files\fl studio\Plugins\Downloaded\DSK Dynamic Guitars (64bits)\DSK Dynamic Guitars.dll
[24/02/2025 19:06:36]     Skipped - e:\program files\fl studio\Plugins\Downloaded\DSK World StringZ\DSK World StringZ.dll
[24/02/2025 19:06:36]     Skipped - e:\program files\fl studio\Plugins\Downloaded\helm.dll
[24/02/2025 19:06:36]     Skipped - e:\program files\fl studio\Plugins\Downloaded\helm64.dll
[24/02/2025 19:06:36]     Skipped - e:\program files\fl studio\Plugins\Downloaded\Iowa Sax\Iowa Alto Sax - 32.dll
[24/02/2025 19:06:36]     Skipped - e:\program files\fl studio\Plugins\Downloaded\Krush.dll
[24/02/2025 19:06:36]     Skipped - e:\program files\fl studio\Plugins\Downloaded\Love-Fi 2 Lite.dll
[24/02/2025 19:06:36]     Skipped - e:\program files\fl studio\Plugins\Downloaded\LUFS\Youlean Loudness Meter 2.dll
[24/02/2025 19:06:36]     Skipped - e:\program files\fl studio\Plugins\Downloaded\Powershaper.dll
[24/02/2025 19:06:36]     Skipped - e:\program files\fl studio\Plugins\Downloaded\Sitar Renaissance Windows 64-bit VST v1.0\Sitar Renaissance.dll
[24/02/2025 19:06:36]     Skipped - e:\program files\fl studio\Plugins\Downloaded\SPAN.dll
[24/02/2025 19:06:36]     Skipped - e:\program files\fl studio\Plugins\Downloaded\Synth1\Synth1 VST.dll
[24/02/2025 19:06:36]     Skipped - e:\program files\fl studio\Plugins\Downloaded\Synth1\Synth1 VST64.dll
[24/02/2025 19:06:36]     Skipped - e:\program files\fl studio\Plugins\Downloaded\The Bells Windows 64-bit VST v1.0\The Bells.dll
[24/02/2025 19:06:36]     Skipped - e:\program files\fl studio\Plugins\Downloaded\Vinyl Crackles Generator Windows 64-bit VST v1.0\Vinyl Crackles Generator.dll
[24/02/2025 19:06:36]     Skipped - e:\program files\fl studio\Plugins\Downloaded\vRAM EPIANO\vRAM-epiano.dll
[24/02/2025 19:06:36]     Skipped - e:\program files\fl studio\Plugins\Downloaded\VST\DecentSampler.dll
[24/02/2025 19:06:36]     Skipped - e:\program files\fl studio\Plugins\Downloaded\VST\Plogue Art et Technologie, Inc\sforzando VST_x64.dll
[24/02/2025 19:06:36]     Skipped - e:\program files\fl studio\Plugins\Downloaded\VST3\Plogue Art et Technologie, Inc\sforzando VST_x86.dll
[24/02/2025 19:06:36]     Skipped - e:\program files\fl studio\Plugins\Downloaded\VSUpright\VSUpright_v1_64B.dll
[24/02/2025 19:06:36]     Skipped - e:\program files\fl studio\Plugins\Downloaded\Zither Renaissance Windows 64-bit VST v1.0\Zither Renaissance.dll
[24/02/2025 19:06:36]     Skipped - e:\program files\fl studio\Plugins\Downloaded\VST\DecentSampler.dll
[24/02/2025 19:06:36]     Skipped - e:\program files\fl studio\Plugins\Downloaded\VST\Plogue Art et Technologie, Inc\sforzando VST_x64.dll
[24/02/2025 19:06:36]     Skipped - e:\program files\fl studio\Plugins\Downloaded\VST3\Plogue Art et Technologie, Inc\sforzando VST_x86.dll
[24/02/2025 19:06:36]     Skipped - C:\Program Files (x86)\Common Files\VST3\DecentSampler.vst3
[24/02/2025 19:06:36]     Skipped - C:\Program Files (x86)\Common Files\VST3\TDR Nova.vst3
[24/02/2025 19:06:36]     Skipped - C:\Program Files\Common Files\VST3\ABP.vst3
[24/02/2025 19:06:36]     Skipped - C:\Program Files\Common Files\VST3\ABU.vst3
[24/02/2025 19:06:36]     Skipped - C:\Program Files\Common Files\VST3\AEU.vst3
[24/02/2025 19:06:36]     Skipped - C:\Program Files\Common Files\VST3\AGLP.vst3
[24/02/2025 19:06:36]     Skipped - C:\Program Files\Common Files\VST3\AGM.vst3
[24/02/2025 19:06:36]     Skipped - C:\Program Files\Common Files\VST3\Celemony\Melodyne\Melodyne.vst3
[24/02/2025 19:06:36]     Skipped - C:\Program Files\Common Files\VST3\DecentSampler.vst3
[24/02/2025 19:06:36]     Skipped - C:\Program Files\Common Files\VST3\Helm\helm.vst3
[24/02/2025 19:06:36]     Skipped - C:\Program Files\Common Files\VST3\Helm\helm64.vst3
[24/02/2025 19:06:36]     Skipped - C:\Program Files\Common Files\VST3\Kilohearts\kHs 3-Band EQ.vst3
[24/02/2025 19:06:36]     Skipped - C:\Program Files\Common Files\VST3\Kilohearts\kHs Bitcrush.vst3
[24/02/2025 19:06:36]     Skipped - C:\Program Files\Common Files\VST3\Kilohearts\kHs Channel Mixer.vst3
[24/02/2025 19:06:36]     Skipped - C:\Program Files\Common Files\VST3\Kilohearts\kHs Chorus.vst3
[24/02/2025 19:06:36]     Skipped - C:\Program Files\Common Files\VST3\Kilohearts\kHs Comb Filter.vst3
[24/02/2025 19:06:36]     Skipped - C:\Program Files\Common Files\VST3\Kilohearts\kHs Compressor.vst3
[24/02/2025 19:06:36]     Skipped - C:\Program Files\Common Files\VST3\Kilohearts\kHs Delay.vst3
[24/02/2025 19:06:36]     Skipped - C:\Program Files\Common Files\VST3\Kilohearts\kHs Distortion.vst3
[24/02/2025 19:06:36]     Skipped - C:\Program Files\Common Files\VST3\Kilohearts\kHs Dual Delay.vst3
[24/02/2025 19:06:36]     Skipped - C:\Program Files\Common Files\VST3\Kilohearts\kHs Dynamics.vst3
[24/02/2025 19:06:36]     Skipped - C:\Program Files\Common Files\VST3\Kilohearts\kHs Ensemble.vst3
[24/02/2025 19:06:36]     Skipped - C:\Program Files\Common Files\VST3\Kilohearts\kHs Filter.vst3
[24/02/2025 19:06:36]     Skipped - C:\Program Files\Common Files\VST3\Kilohearts\kHs Flanger.vst3
[24/02/2025 19:06:36]     Skipped - C:\Program Files\Common Files\VST3\Kilohearts\kHs Formant Filter.vst3
[24/02/2025 19:06:36]     Skipped - C:\Program Files\Common Files\VST3\Kilohearts\kHs Frequency Shifter.vst3
[24/02/2025 19:06:36]     Skipped - C:\Program Files\Common Files\VST3\Kilohearts\kHs Gain.vst3
[24/02/2025 19:06:36]     Skipped - C:\Program Files\Common Files\VST3\Kilohearts\kHs Gate.vst3
[24/02/2025 19:06:36]     Skipped - C:\Program Files\Common Files\VST3\Kilohearts\kHs Haas.vst3
[24/02/2025 19:06:36]     Skipped - C:\Program Files\Common Files\VST3\Kilohearts\kHs Ladder Filter.vst3
[24/02/2025 19:06:36]     Skipped - C:\Program Files\Common Files\VST3\Kilohearts\kHs Limiter.vst3
[24/02/2025 19:06:36]     Skipped - C:\Program Files\Common Files\VST3\Kilohearts\kHs Nonlinear Filter.vst3
[24/02/2025 19:06:36]     Skipped - C:\Program Files\Common Files\VST3\Kilohearts\kHs Phase Distortion.vst3
[24/02/2025 19:06:36]     Skipped - C:\Program Files\Common Files\VST3\Kilohearts\kHs Phaser.vst3
[24/02/2025 19:06:36]     Skipped - C:\Program Files\Common Files\VST3\Kilohearts\kHs Pitch Shifter.vst3
[24/02/2025 19:06:36]     Skipped - C:\Program Files\Common Files\VST3\Kilohearts\kHs Resonator.vst3
[24/02/2025 19:06:36]     Skipped - C:\Program Files\Common Files\VST3\Kilohearts\kHs Reverb.vst3
[24/02/2025 19:06:36]     Skipped - C:\Program Files\Common Files\VST3\Kilohearts\kHs Reverser.vst3
[24/02/2025 19:06:36]     Skipped - C:\Program Files\Common Files\VST3\Kilohearts\kHs Ring Mod.vst3
[24/02/2025 19:06:36]     Skipped - C:\Program Files\Common Files\VST3\Kilohearts\kHs Shaper.vst3
[24/02/2025 19:06:36]     Skipped - C:\Program Files\Common Files\VST3\Kilohearts\kHs Stereo.vst3
[24/02/2025 19:06:36]     Skipped - C:\Program Files\Common Files\VST3\Kilohearts\kHs Tape Stop.vst3
[24/02/2025 19:06:36]     Skipped - C:\Program Files\Common Files\VST3\Kilohearts\kHs Trance Gate.vst3
[24/02/2025 19:06:36]     Skipped - C:\Program Files\Common Files\VST3\Kilohearts\kHs Transient Shaper.vst3
[24/02/2025 19:06:36]     Skipped - C:\Program Files\Common Files\VST3\Krush.vst3\Contents\x86_64-win\Krush.vst3
[24/02/2025 19:06:36]     Skipped - C:\Program Files\Common Files\VST3\LockOn.vst3\Contents\x86_64-win\LockOn.vst3
[24/02/2025 19:06:36]     Skipped - C:\Program Files\Common Files\VST3\PaulXStretch.vst3\Contents\x86_64-win\PaulXStretch.vst3
[24/02/2025 19:06:36]     Skipped - C:\Program Files\Common Files\VST3\sforzando.vst3\Contents\x86_64-win\sforzando.vst3
[24/02/2025 19:06:36]     Skipped - C:\Program Files\Common Files\VST3\Sitar Renaissance Windows 64-bit VST3 v1.0\Sitar Renaissance.vst3
[24/02/2025 19:06:36]     Skipped - C:\Program Files\Common Files\VST3\Sweetcase EP.vst3
[24/02/2025 19:06:36]     Skipped - C:\Program Files\Common Files\VST3\TDR Nova.vst3
[24/02/2025 19:06:36]     Skipped - C:\Program Files\Common Files\VST3\TheMasker.vst3
[24/02/2025 19:06:36]     Scanning... [VST3] C:\Program Files\Common Files\VST3\uaudio_ua_1176.vst3\Contents\x86_64-win\uaudio_ua_1176.vst3
[24/02/2025 19:06:36]     Verify plugin - C:\Program Files\Common Files\VST3\uaudio_ua_1176.vst3\Contents\x86_64-win\uaudio_ua_1176.vst3
[24/02/2025 19:06:39]     [verified] "UADx 1176 FET Compressor"
[24/02/2025 19:06:39]     Skipped - C:\Program Files\Common Files\VST3\Vinyl Crackles Generator Windows 64-bit VST3 v1.0\Vinyl Crackles Generator.vst3
[24/02/2025 19:06:39]     Add plugins to list
[24/02/2025 19:06:39]     Clean up plugin names
[24/02/2025 19:06:39]     Added new files as presets and combined - count=190
[24/02/2025 19:06:39]     Store presets
[24/02/2025 19:06:39]     Store all presets - count=190 dbpath="E:\Music\Compositions\music\FL\FL Studio\Presets\Plugin database\"
[24/02/2025 19:06:39]         Store preset "Control Surface" - effect=1
[24/02/2025 19:06:39]         Save "Control Surface": created preset file "E:\Music\Compositions\music\FL\FL Studio\Presets\Plugin database\Installed\Effects\Fruity\Control Surface.fst"
[24/02/2025 19:06:39]         Store preset "Distructor" - effect=1
[24/02/2025 19:06:39]         Save "Distructor": created preset file "E:\Music\Compositions\music\FL\FL Studio\Presets\Plugin database\Installed\Effects\Fruity\Distructor.fst"
[24/02/2025 19:06:39]         Store preset "Edison" - effect=1
[24/02/2025 19:06:39]         Save "Edison": created preset file "E:\Music\Compositions\music\FL\FL Studio\Presets\Plugin database\Installed\Effects\Fruity\Edison.fst"
[24/02/2025 19:06:39]         Store preset "Effector" - effect=1
[24/02/2025 19:06:39]         Save "Effector": created preset file "E:\Music\Compositions\music\FL\FL Studio\Presets\Plugin database\Installed\Effects\Fruity\Effector.fst"
[24/02/2025 19:06:39]         Store preset "EQUO" - effect=1
[24/02/2025 19:06:39]         Save "EQUO": created preset file "E:\Music\Compositions\music\FL\FL Studio\Presets\Plugin database\Installed\Effects\Fruity\EQUO.fst"
[24/02/2025 19:06:39]         Store preset "Fruity 7 Band EQ" - effect=1
[24/02/2025 19:06:39]         Save "Fruity 7 Band EQ": created preset file "E:\Music\Compositions\music\FL\FL Studio\Presets\Plugin database\Installed\Effects\Fruity\Fruity 7 Band EQ.fst"
[24/02/2025 19:06:39]         Store preset "Fruity Balance" - effect=1
[24/02/2025 19:06:39]         Save "Fruity Balance": created preset file "E:\Music\Compositions\music\FL\FL Studio\Presets\Plugin database\Installed\Effects\Fruity\Fruity Balance.fst"
[24/02/2025 19:06:39]         Store preset "Fruity Bass Boost" - effect=1
[24/02/2025 19:06:39]         Save "Fruity Bass Boost": created preset file "E:\Music\Compositions\music\FL\FL Studio\Presets\Plugin database\Installed\Effects\Fruity\Fruity Bass Boost.fst"
[24/02/2025 19:06:39]         Store preset "Fruity Big Clock" - effect=1
[24/02/2025 19:06:39]         Save "Fruity Big Clock": created preset file "E:\Music\Compositions\music\FL\FL Studio\Presets\Plugin database\Installed\Effects\Fruity\Fruity Big Clock.fst"
[24/02/2025 19:06:39]         Store preset "Fruity Blood Overdrive" - effect=1
[24/02/2025 19:06:39]         Save "Fruity Blood Overdrive": created preset file "E:\Music\Compositions\music\FL\FL Studio\Presets\Plugin database\Installed\Effects\Fruity\Fruity Blood Overdrive.fst"
[24/02/2025 19:06:39]         Store preset "Fruity Center" - effect=1
[24/02/2025 19:06:39]         Save "Fruity Center": created preset file "E:\Music\Compositions\music\FL\FL Studio\Presets\Plugin database\Installed\Effects\Fruity\Fruity Center.fst"
[24/02/2025 19:06:39]         Store preset "Fruity Chorus" - effect=1
[24/02/2025 19:06:39]         Save "Fruity Chorus": created preset file "E:\Music\Compositions\music\FL\FL Studio\Presets\Plugin database\Installed\Effects\Fruity\Fruity Chorus.fst"
[24/02/2025 19:06:39]         Store preset "Fruity Compressor" - effect=1
[24/02/2025 19:06:39]         Save "Fruity Compressor": created preset file "E:\Music\Compositions\music\FL\FL Studio\Presets\Plugin database\Installed\Effects\Fruity\Fruity Compressor.fst"
[24/02/2025 19:06:39]         Store preset "Fruity Convolver" - effect=1
[24/02/2025 19:06:39]         Save "Fruity Convolver": created preset file "E:\Music\Compositions\music\FL\FL Studio\Presets\Plugin database\Installed\Effects\Fruity\Fruity Convolver.fst"
[24/02/2025 19:06:39]         Store preset "Fruity dB Meter" - effect=1
[24/02/2025 19:06:39]         Save "Fruity dB Meter": created preset file "E:\Music\Compositions\music\FL\FL Studio\Presets\Plugin database\Installed\Effects\Fruity\Fruity dB Meter.fst"
[24/02/2025 19:06:39]         Store preset "Fruity Delay 2" - effect=1
[24/02/2025 19:06:39]         Save "Fruity Delay 2": created preset file "E:\Music\Compositions\music\FL\FL Studio\Presets\Plugin database\Installed\Effects\Fruity\Fruity Delay 2.fst"
[24/02/2025 19:06:39]         Store preset "Fruity Delay 3" - effect=1
[24/02/2025 19:06:39]         Save "Fruity Delay 3": created preset file "E:\Music\Compositions\music\FL\FL Studio\Presets\Plugin database\Installed\Effects\Fruity\Fruity Delay 3.fst"
[24/02/2025 19:06:39]         Store preset "Fruity Delay Bank" - effect=1
[24/02/2025 19:06:39]         Save "Fruity Delay Bank": created preset file "E:\Music\Compositions\music\FL\FL Studio\Presets\Plugin database\Installed\Effects\Fruity\Fruity Delay Bank.fst"
[24/02/2025 19:06:39]         Store preset "Fruity Delay" - effect=1
[24/02/2025 19:06:39]         Save "Fruity Delay": created preset file "E:\Music\Compositions\music\FL\FL Studio\Presets\Plugin database\Installed\Effects\Fruity\Fruity Delay.fst"
[24/02/2025 19:06:39]         Store preset "Fruity Fast Dist" - effect=1
[24/02/2025 19:06:39]         Save "Fruity Fast Dist": created preset file "E:\Music\Compositions\music\FL\FL Studio\Presets\Plugin database\Installed\Effects\Fruity\Fruity Fast Dist.fst"
[24/02/2025 19:06:39]         Store preset "Fruity Fast LP" - effect=1
[24/02/2025 19:06:39]         Save "Fruity Fast LP": created preset file "E:\Music\Compositions\music\FL\FL Studio\Presets\Plugin database\Installed\Effects\Fruity\Fruity Fast LP.fst"
[24/02/2025 19:06:39]         Store preset "Fruity Filter" - effect=1
[24/02/2025 19:06:39]         Save "Fruity Filter": created preset file "E:\Music\Compositions\music\FL\FL Studio\Presets\Plugin database\Installed\Effects\Fruity\Fruity Filter.fst"
[24/02/2025 19:06:39]         Store preset "Fruity Flanger" - effect=1
[24/02/2025 19:06:39]         Save "Fruity Flanger": created preset file "E:\Music\Compositions\music\FL\FL Studio\Presets\Plugin database\Installed\Effects\Fruity\Fruity Flanger.fst"
[24/02/2025 19:06:39]         Store preset "Fruity Flangus" - effect=1
[24/02/2025 19:06:39]         Save "Fruity Flangus": created preset file "E:\Music\Compositions\music\FL\FL Studio\Presets\Plugin database\Installed\Effects\Fruity\Fruity Flangus.fst"
[24/02/2025 19:06:39]         Store preset "Fruity Formula Controller" - effect=1
[24/02/2025 19:06:39]         Save "Fruity Formula Controller": created preset file "E:\Music\Compositions\music\FL\FL Studio\Presets\Plugin database\Installed\Effects\Fruity\Fruity Formula Controller.fst"
[24/02/2025 19:06:39]         Store preset "Fruity Free Filter" - effect=1
[24/02/2025 19:06:39]         Save "Fruity Free Filter": created preset file "E:\Music\Compositions\music\FL\FL Studio\Presets\Plugin database\Installed\Effects\Fruity\Fruity Free Filter.fst"
[24/02/2025 19:06:39]         Store preset "Fruity HTML NoteBook" - effect=1
[24/02/2025 19:06:39]         Save "Fruity HTML NoteBook": created preset file "E:\Music\Compositions\music\FL\FL Studio\Presets\Plugin database\Installed\Effects\Fruity\Fruity HTML NoteBook.fst"
[24/02/2025 19:06:39]         Store preset "Fruity Limiter" - effect=1
[24/02/2025 19:06:39]         Save "Fruity Limiter": created preset file "E:\Music\Compositions\music\FL\FL Studio\Presets\Plugin database\Installed\Effects\Fruity\Fruity Limiter.fst"
[24/02/2025 19:06:39]         Store preset "Fruity Love Philter" - effect=1
[24/02/2025 19:06:39]         Save "Fruity Love Philter": created preset file "E:\Music\Compositions\music\FL\FL Studio\Presets\Plugin database\Installed\Effects\Fruity\Fruity Love Philter.fst"
[24/02/2025 19:06:39]         Store preset "Fruity LSD" - effect=1
[24/02/2025 19:06:39]         Save "Fruity LSD": created preset file "E:\Music\Compositions\music\FL\FL Studio\Presets\Plugin database\Installed\Effects\Fruity\Fruity LSD.fst"
[24/02/2025 19:06:39]         Store preset "Fruity Multiband Compressor" - effect=1
[24/02/2025 19:06:39]         Save "Fruity Multiband Compressor": created preset file "E:\Music\Compositions\music\FL\FL Studio\Presets\Plugin database\Installed\Effects\Fruity\Fruity Multiband Compressor.fst"
[24/02/2025 19:06:39]         Store preset "Fruity Mute 2" - effect=1
[24/02/2025 19:06:39]         Save "Fruity Mute 2": created preset file "E:\Music\Compositions\music\FL\FL Studio\Presets\Plugin database\Installed\Effects\Fruity\Fruity Mute 2.fst"
[24/02/2025 19:06:39]         Store preset "Fruity NoteBook 2" - effect=1
[24/02/2025 19:06:39]         Save "Fruity NoteBook 2": created preset file "E:\Music\Compositions\music\FL\FL Studio\Presets\Plugin database\Installed\Effects\Fruity\Fruity NoteBook 2.fst"
[24/02/2025 19:06:39]         Store preset "Fruity NoteBook" - effect=1
[24/02/2025 19:06:39]         Save "Fruity NoteBook": created preset file "E:\Music\Compositions\music\FL\FL Studio\Presets\Plugin database\Installed\Effects\Fruity\Fruity NoteBook.fst"
[24/02/2025 19:06:39]         Store preset "Fruity PanOMatic" - effect=1
[24/02/2025 19:06:39]         Save "Fruity PanOMatic": created preset file "E:\Music\Compositions\music\FL\FL Studio\Presets\Plugin database\Installed\Effects\Fruity\Fruity PanOMatic.fst"
[24/02/2025 19:06:39]         Store preset "Fruity Parametric EQ 2" - effect=1
[24/02/2025 19:06:39]         Save "Fruity Parametric EQ 2": created preset file "E:\Music\Compositions\music\FL\FL Studio\Presets\Plugin database\Installed\Effects\Fruity\Fruity Parametric EQ 2.fst"
[24/02/2025 19:06:39]         Store preset "Fruity Parametric EQ" - effect=1
[24/02/2025 19:06:39]         Save "Fruity Parametric EQ": created preset file "E:\Music\Compositions\music\FL\FL Studio\Presets\Plugin database\Installed\Effects\Fruity\Fruity Parametric EQ.fst"
[24/02/2025 19:06:39]         Store preset "Fruity Peak Controller" - effect=1
[24/02/2025 19:06:39]         Save "Fruity Peak Controller": created preset file "E:\Music\Compositions\music\FL\FL Studio\Presets\Plugin database\Installed\Effects\Fruity\Fruity Peak Controller.fst"
[24/02/2025 19:06:39]         Store preset "Fruity Phase Inverter" - effect=1
[24/02/2025 19:06:39]         Save "Fruity Phase Inverter": created preset file "E:\Music\Compositions\music\FL\FL Studio\Presets\Plugin database\Installed\Effects\Fruity\Fruity Phase Inverter.fst"
[24/02/2025 19:06:39]         Store preset "Fruity Phaser" - effect=1
[24/02/2025 19:06:39]         Save "Fruity Phaser": created preset file "E:\Music\Compositions\music\FL\FL Studio\Presets\Plugin database\Installed\Effects\Fruity\Fruity Phaser.fst"
[24/02/2025 19:06:39]         Store preset "Fruity Reeverb 2" - effect=1
[24/02/2025 19:06:39]         Save "Fruity Reeverb 2": created preset file "E:\Music\Compositions\music\FL\FL Studio\Presets\Plugin database\Installed\Effects\Fruity\Fruity Reeverb 2.fst"
[24/02/2025 19:06:39]         Store preset "Fruity Reeverb" - effect=1
[24/02/2025 19:06:39]         Save "Fruity Reeverb": created preset file "E:\Music\Compositions\music\FL\FL Studio\Presets\Plugin database\Installed\Effects\Fruity\Fruity Reeverb.fst"
[24/02/2025 19:06:39]         Store preset "Fruity Scratcher" - effect=1
[24/02/2025 19:06:39]         Save "Fruity Scratcher": created preset file "E:\Music\Compositions\music\FL\FL Studio\Presets\Plugin database\Installed\Effects\Fruity\Fruity Scratcher.fst"
[24/02/2025 19:06:39]         Store preset "Fruity Send" - effect=1
[24/02/2025 19:06:39]         Save "Fruity Send": created preset file "E:\Music\Compositions\music\FL\FL Studio\Presets\Plugin database\Installed\Effects\Fruity\Fruity Send.fst"
[24/02/2025 19:06:39]         Store preset "Fruity Soft Clipper" - effect=1
[24/02/2025 19:06:39]         Save "Fruity Soft Clipper": created preset file "E:\Music\Compositions\music\FL\FL Studio\Presets\Plugin database\Installed\Effects\Fruity\Fruity Soft Clipper.fst"
[24/02/2025 19:06:39]         Store preset "Fruity Spectroman" - effect=1
[24/02/2025 19:06:39]         Save "Fruity Spectroman": created preset file "E:\Music\Compositions\music\FL\FL Studio\Presets\Plugin database\Installed\Effects\Fruity\Fruity Spectroman.fst"
[24/02/2025 19:06:39]         Store preset "Fruity Squeeze" - effect=1
[24/02/2025 19:06:39]         Save "Fruity Squeeze": created preset file "E:\Music\Compositions\music\FL\FL Studio\Presets\Plugin database\Installed\Effects\Fruity\Fruity Squeeze.fst"
[24/02/2025 19:06:39]         Store preset "Fruity Stereo Enhancer" - effect=1
[24/02/2025 19:06:39]         Save "Fruity Stereo Enhancer": created preset file "E:\Music\Compositions\music\FL\FL Studio\Presets\Plugin database\Installed\Effects\Fruity\Fruity Stereo Enhancer.fst"
[24/02/2025 19:06:39]         Store preset "Fruity Stereo Shaper" - effect=1
[24/02/2025 19:06:39]         Save "Fruity Stereo Shaper": created preset file "E:\Music\Compositions\music\FL\FL Studio\Presets\Plugin database\Installed\Effects\Fruity\Fruity Stereo Shaper.fst"
[24/02/2025 19:06:39]         Store preset "Fruity Vocoder" - effect=1
[24/02/2025 19:06:39]         Save "Fruity Vocoder": created preset file "E:\Music\Compositions\music\FL\FL Studio\Presets\Plugin database\Installed\Effects\Fruity\Fruity Vocoder.fst"
[24/02/2025 19:06:39]         Store preset "Fruity WaveShaper" - effect=1
[24/02/2025 19:06:39]         Save "Fruity WaveShaper": created preset file "E:\Music\Compositions\music\FL\FL Studio\Presets\Plugin database\Installed\Effects\Fruity\Fruity WaveShaper.fst"
[24/02/2025 19:06:39]         Store preset "Fruity Wrapper" - effect=1
[24/02/2025 19:06:39]         Save "Fruity Wrapper": created preset file "E:\Music\Compositions\music\FL\FL Studio\Presets\Plugin database\Installed\Effects\Fruity\Fruity Wrapper.fst"
[24/02/2025 19:06:39]         Store preset "Fruity X-Y Controller" - effect=1
[24/02/2025 19:06:39]         Save "Fruity X-Y Controller": created preset file "E:\Music\Compositions\music\FL\FL Studio\Presets\Plugin database\Installed\Effects\Fruity\Fruity X-Y Controller.fst"
[24/02/2025 19:06:39]         Store preset "Fruity X-Y-Z Controller" - effect=1
[24/02/2025 19:06:39]         Save "Fruity X-Y-Z Controller": created preset file "E:\Music\Compositions\music\FL\FL Studio\Presets\Plugin database\Installed\Effects\Fruity\Fruity X-Y-Z Controller.fst"
[24/02/2025 19:06:39]         Store preset "Gross Beat" - effect=1
[24/02/2025 19:06:39]         Save "Gross Beat": created preset file "E:\Music\Compositions\music\FL\FL Studio\Presets\Plugin database\Installed\Effects\Fruity\Gross Beat.fst"
[24/02/2025 19:06:39]         Store preset "Hardcore" - effect=1
[24/02/2025 19:06:39]         Save "Hardcore": created preset file "E:\Music\Compositions\music\FL\FL Studio\Presets\Plugin database\Installed\Effects\Fruity\Hardcore.fst"
[24/02/2025 19:06:39]         Store preset "Maximus" - effect=1
[24/02/2025 19:06:39]         Save "Maximus": created preset file "E:\Music\Compositions\music\FL\FL Studio\Presets\Plugin database\Installed\Effects\Fruity\Maximus.fst"
[24/02/2025 19:06:39]         Store preset "Newtime" - effect=1
[24/02/2025 19:06:39]         Save "Newtime": created preset file "E:\Music\Compositions\music\FL\FL Studio\Presets\Plugin database\Installed\Effects\Fruity\Newtime.fst"
[24/02/2025 19:06:39]         Store preset "Newtone" - effect=1
[24/02/2025 19:06:39]         Save "Newtone": created preset file "E:\Music\Compositions\music\FL\FL Studio\Presets\Plugin database\Installed\Effects\Fruity\Newtone.fst"
[24/02/2025 19:06:39]         Store preset "Patcher" - effect=1
[24/02/2025 19:06:39]         Save "Patcher": created preset file "E:\Music\Compositions\music\FL\FL Studio\Presets\Plugin database\Installed\Effects\Fruity\Patcher.fst"
[24/02/2025 19:06:39]         Store preset "Pitcher" - effect=1
[24/02/2025 19:06:39]         Save "Pitcher": created preset file "E:\Music\Compositions\music\FL\FL Studio\Presets\Plugin database\Installed\Effects\Fruity\Pitcher.fst"
[24/02/2025 19:06:39]         Store preset "Razer Chroma" - effect=1
[24/02/2025 19:06:39]         Save "Razer Chroma": created preset file "E:\Music\Compositions\music\FL\FL Studio\Presets\Plugin database\Installed\Effects\Fruity\Razer Chroma.fst"
[24/02/2025 19:06:39]         Store preset "Soundgoodizer" - effect=1
[24/02/2025 19:06:39]         Save "Soundgoodizer": created preset file "E:\Music\Compositions\music\FL\FL Studio\Presets\Plugin database\Installed\Effects\Fruity\Soundgoodizer.fst"
[24/02/2025 19:06:39]         Store preset "Transient Processor" - effect=1
[24/02/2025 19:06:39]         Save "Transient Processor": created preset file "E:\Music\Compositions\music\FL\FL Studio\Presets\Plugin database\Installed\Effects\Fruity\Transient Processor.fst"
[24/02/2025 19:06:39]         Store preset "VFX Color Mapper" - effect=1
[24/02/2025 19:06:39]         Save "VFX Color Mapper": created preset file "E:\Music\Compositions\music\FL\FL Studio\Presets\Plugin database\Installed\Effects\Fruity\VFX Color Mapper.fst"
[24/02/2025 19:06:39]         Store preset "VFX Key Mapper" - effect=1
[24/02/2025 19:06:39]         Save "VFX Key Mapper": created preset file "E:\Music\Compositions\music\FL\FL Studio\Presets\Plugin database\Installed\Effects\Fruity\VFX Key Mapper.fst"
[24/02/2025 19:06:39]         Store preset "VFX Keyboard Splitter" - effect=1
[24/02/2025 19:06:39]         Save "VFX Keyboard Splitter": created preset file "E:\Music\Compositions\music\FL\FL Studio\Presets\Plugin database\Installed\Effects\Fruity\VFX Keyboard Splitter.fst"
[24/02/2025 19:06:39]         Store preset "VFX Level Scaler" - effect=1
[24/02/2025 19:06:39]         Save "VFX Level Scaler": created preset file "E:\Music\Compositions\music\FL\FL Studio\Presets\Plugin database\Installed\Effects\Fruity\VFX Level Scaler.fst"
[24/02/2025 19:06:39]         Store preset "Vocodex" - effect=1
[24/02/2025 19:06:39]         Save "Vocodex": created preset file "E:\Music\Compositions\music\FL\FL Studio\Presets\Plugin database\Installed\Effects\Fruity\Vocodex.fst"
[24/02/2025 19:06:39]         Store preset "Wave Candy" - effect=1
[24/02/2025 19:06:39]         Save "Wave Candy": created preset file "E:\Music\Compositions\music\FL\FL Studio\Presets\Plugin database\Installed\Effects\Fruity\Wave Candy.fst"
[24/02/2025 19:06:39]         Store preset "ZGameEditor Visualizer" - effect=1
[24/02/2025 19:06:39]         Save "ZGameEditor Visualizer": created preset file "E:\Music\Compositions\music\FL\FL Studio\Presets\Plugin database\Installed\Effects\Fruity\ZGameEditor Visualizer.fst"
[24/02/2025 19:06:39]         Store preset "kHs 3-Band EQ" - effect=1
[24/02/2025 19:06:39]         Save "kHs 3-Band EQ": created preset file "E:\Music\Compositions\music\FL\FL Studio\Presets\Plugin database\Installed\Effects\VST3\kHs 3-Band EQ.fst"
[24/02/2025 19:06:39]         Store preset "kHs Bitcrush" - effect=1
[24/02/2025 19:06:39]         Save "kHs Bitcrush": created preset file "E:\Music\Compositions\music\FL\FL Studio\Presets\Plugin database\Installed\Effects\VST3\kHs Bitcrush.fst"
[24/02/2025 19:06:39]         Store preset "kHs Channel Mixer" - effect=1
[24/02/2025 19:06:39]         Save "kHs Channel Mixer": created preset file "E:\Music\Compositions\music\FL\FL Studio\Presets\Plugin database\Installed\Effects\VST3\kHs Channel Mixer.fst"
[24/02/2025 19:06:39]         Store preset "kHs Chorus" - effect=1
[24/02/2025 19:06:40]         Save "kHs Chorus": created preset file "E:\Music\Compositions\music\FL\FL Studio\Presets\Plugin database\Installed\Effects\VST3\kHs Chorus.fst"
[24/02/2025 19:06:40]         Store preset "kHs Comb Filter" - effect=1
[24/02/2025 19:06:40]         Save "kHs Comb Filter": created preset file "E:\Music\Compositions\music\FL\FL Studio\Presets\Plugin database\Installed\Effects\VST3\kHs Comb Filter.fst"
[24/02/2025 19:06:40]         Store preset "kHs Compressor" - effect=1
[24/02/2025 19:06:40]         Save "kHs Compressor": created preset file "E:\Music\Compositions\music\FL\FL Studio\Presets\Plugin database\Installed\Effects\VST3\kHs Compressor.fst"
[24/02/2025 19:06:40]         Store preset "kHs Delay" - effect=1
[24/02/2025 19:06:40]         Save "kHs Delay": created preset file "E:\Music\Compositions\music\FL\FL Studio\Presets\Plugin database\Installed\Effects\VST3\kHs Delay.fst"
[24/02/2025 19:06:40]         Store preset "kHs Distortion" - effect=1
[24/02/2025 19:06:40]         Save "kHs Distortion": created preset file "E:\Music\Compositions\music\FL\FL Studio\Presets\Plugin database\Installed\Effects\VST3\kHs Distortion.fst"
[24/02/2025 19:06:40]         Store preset "kHs Dual Delay" - effect=1
[24/02/2025 19:06:40]         Save "kHs Dual Delay": created preset file "E:\Music\Compositions\music\FL\FL Studio\Presets\Plugin database\Installed\Effects\VST3\kHs Dual Delay.fst"
[24/02/2025 19:06:40]         Store preset "kHs Dynamics" - effect=1
[24/02/2025 19:06:40]         Save "kHs Dynamics": created preset file "E:\Music\Compositions\music\FL\FL Studio\Presets\Plugin database\Installed\Effects\VST3\kHs Dynamics.fst"
[24/02/2025 19:06:40]         Store preset "kHs Ensemble" - effect=1
[24/02/2025 19:06:40]         Save "kHs Ensemble": created preset file "E:\Music\Compositions\music\FL\FL Studio\Presets\Plugin database\Installed\Effects\VST3\kHs Ensemble.fst"
[24/02/2025 19:06:40]         Store preset "kHs Filter" - effect=1
[24/02/2025 19:06:40]         Save "kHs Filter": created preset file "E:\Music\Compositions\music\FL\FL Studio\Presets\Plugin database\Installed\Effects\VST3\kHs Filter.fst"
[24/02/2025 19:06:40]         Store preset "kHs Flanger" - effect=1
[24/02/2025 19:06:40]         Save "kHs Flanger": created preset file "E:\Music\Compositions\music\FL\FL Studio\Presets\Plugin database\Installed\Effects\VST3\kHs Flanger.fst"
[24/02/2025 19:06:40]         Store preset "kHs Formant Filter" - effect=1
[24/02/2025 19:06:40]         Save "kHs Formant Filter": created preset file "E:\Music\Compositions\music\FL\FL Studio\Presets\Plugin database\Installed\Effects\VST3\kHs Formant Filter.fst"
[24/02/2025 19:06:40]         Store preset "kHs Frequency Shifter" - effect=1
[24/02/2025 19:06:40]         Save "kHs Frequency Shifter": created preset file "E:\Music\Compositions\music\FL\FL Studio\Presets\Plugin database\Installed\Effects\VST3\kHs Frequency Shifter.fst"
[24/02/2025 19:06:40]         Store preset "kHs Gain" - effect=1
[24/02/2025 19:06:40]         Save "kHs Gain": created preset file "E:\Music\Compositions\music\FL\FL Studio\Presets\Plugin database\Installed\Effects\VST3\kHs Gain.fst"
[24/02/2025 19:06:40]         Store preset "kHs Gate" - effect=1
[24/02/2025 19:06:40]         Save "kHs Gate": created preset file "E:\Music\Compositions\music\FL\FL Studio\Presets\Plugin database\Installed\Effects\VST3\kHs Gate.fst"
[24/02/2025 19:06:40]         Store preset "kHs Haas" - effect=1
[24/02/2025 19:06:40]         Save "kHs Haas": created preset file "E:\Music\Compositions\music\FL\FL Studio\Presets\Plugin database\Installed\Effects\VST3\kHs Haas.fst"
[24/02/2025 19:06:40]         Store preset "kHs Ladder Filter" - effect=1
[24/02/2025 19:06:40]         Save "kHs Ladder Filter": created preset file "E:\Music\Compositions\music\FL\FL Studio\Presets\Plugin database\Installed\Effects\VST3\kHs Ladder Filter.fst"
[24/02/2025 19:06:40]         Store preset "kHs Limiter" - effect=1
[24/02/2025 19:06:40]         Save "kHs Limiter": created preset file "E:\Music\Compositions\music\FL\FL Studio\Presets\Plugin database\Installed\Effects\VST3\kHs Limiter.fst"
[24/02/2025 19:06:40]         Store preset "kHs Nonlinear Filter" - effect=1
[24/02/2025 19:06:40]         Save "kHs Nonlinear Filter": created preset file "E:\Music\Compositions\music\FL\FL Studio\Presets\Plugin database\Installed\Effects\VST3\kHs Nonlinear Filter.fst"
[24/02/2025 19:06:40]         Store preset "kHs Phase Distortion" - effect=1
[24/02/2025 19:06:40]         Save "kHs Phase Distortion": created preset file "E:\Music\Compositions\music\FL\FL Studio\Presets\Plugin database\Installed\Effects\VST3\kHs Phase Distortion.fst"
[24/02/2025 19:06:40]         Store preset "kHs Phaser" - effect=1
[24/02/2025 19:06:40]         Save "kHs Phaser": created preset file "E:\Music\Compositions\music\FL\FL Studio\Presets\Plugin database\Installed\Effects\VST3\kHs Phaser.fst"
[24/02/2025 19:06:40]         Store preset "kHs Pitch Shifter" - effect=1
[24/02/2025 19:06:40]         Save "kHs Pitch Shifter": created preset file "E:\Music\Compositions\music\FL\FL Studio\Presets\Plugin database\Installed\Effects\VST3\kHs Pitch Shifter.fst"
[24/02/2025 19:06:40]         Store preset "kHs Resonator" - effect=1
[24/02/2025 19:06:40]         Save "kHs Resonator": created preset file "E:\Music\Compositions\music\FL\FL Studio\Presets\Plugin database\Installed\Effects\VST3\kHs Resonator.fst"
[24/02/2025 19:06:40]         Store preset "kHs Reverb" - effect=1
[24/02/2025 19:06:40]         Save "kHs Reverb": created preset file "E:\Music\Compositions\music\FL\FL Studio\Presets\Plugin database\Installed\Effects\VST3\kHs Reverb.fst"
[24/02/2025 19:06:40]         Store preset "kHs Reverser" - effect=1
[24/02/2025 19:06:40]         Save "kHs Reverser": created preset file "E:\Music\Compositions\music\FL\FL Studio\Presets\Plugin database\Installed\Effects\VST3\kHs Reverser.fst"
[24/02/2025 19:06:40]         Store preset "kHs Ring Mod" - effect=1
[24/02/2025 19:06:40]         Save "kHs Ring Mod": created preset file "E:\Music\Compositions\music\FL\FL Studio\Presets\Plugin database\Installed\Effects\VST3\kHs Ring Mod.fst"
[24/02/2025 19:06:40]         Store preset "kHs Shaper" - effect=1
[24/02/2025 19:06:40]         Save "kHs Shaper": created preset file "E:\Music\Compositions\music\FL\FL Studio\Presets\Plugin database\Installed\Effects\VST3\kHs Shaper.fst"
[24/02/2025 19:06:40]         Store preset "kHs Stereo" - effect=1
[24/02/2025 19:06:40]         Save "kHs Stereo": created preset file "E:\Music\Compositions\music\FL\FL Studio\Presets\Plugin database\Installed\Effects\VST3\kHs Stereo.fst"
[24/02/2025 19:06:40]         Store preset "kHs Tape Stop" - effect=1
[24/02/2025 19:06:40]         Save "kHs Tape Stop": created preset file "E:\Music\Compositions\music\FL\FL Studio\Presets\Plugin database\Installed\Effects\VST3\kHs Tape Stop.fst"
[24/02/2025 19:06:40]         Store preset "kHs Trance Gate" - effect=1
[24/02/2025 19:06:40]         Save "kHs Trance Gate": created preset file "E:\Music\Compositions\music\FL\FL Studio\Presets\Plugin database\Installed\Effects\VST3\kHs Trance Gate.fst"
[24/02/2025 19:06:40]         Store preset "kHs Transient Shaper" - effect=1
[24/02/2025 19:06:40]         Save "kHs Transient Shaper": created preset file "E:\Music\Compositions\music\FL\FL Studio\Presets\Plugin database\Installed\Effects\VST3\kHs Transient Shaper.fst"
[24/02/2025 19:06:40]         Store preset "Krush" - effect=1
[24/02/2025 19:06:40]         Save "Krush": created preset file "E:\Music\Compositions\music\FL\FL Studio\Presets\Plugin database\Installed\Effects\VST3\Krush.fst"
[24/02/2025 19:06:40]         Store preset "LockOn" - effect=1
[24/02/2025 19:06:40]         Save "LockOn": created preset file "E:\Music\Compositions\music\FL\FL Studio\Presets\Plugin database\Installed\Effects\VST3\LockOn.fst"
[24/02/2025 19:06:40]         Store preset "Melodyne" - effect=1
[24/02/2025 19:06:40]         Save "Melodyne": created preset file "E:\Music\Compositions\music\FL\FL Studio\Presets\Plugin database\Installed\Effects\VST3\Melodyne.fst"
[24/02/2025 19:06:40]         Store preset "PaulXStretch" - effect=1
[24/02/2025 19:06:40]         Save "PaulXStretch": created preset file "E:\Music\Compositions\music\FL\FL Studio\Presets\Plugin database\Installed\Effects\VST3\PaulXStretch.fst"
[24/02/2025 19:06:40]         Store preset "TDR Nova" - effect=1
[24/02/2025 19:06:40]         Save "TDR Nova": created preset file "E:\Music\Compositions\music\FL\FL Studio\Presets\Plugin database\Installed\Effects\VST3\TDR Nova.fst"
[24/02/2025 19:06:40]         Store preset "TheMasker" - effect=1
[24/02/2025 19:06:40]         Save "TheMasker": created preset file "E:\Music\Compositions\music\FL\FL Studio\Presets\Plugin database\Installed\Effects\VST3\TheMasker.fst"
[24/02/2025 19:06:40]         Store preset "CamelCrusher" - effect=1
[24/02/2025 19:06:40]         Save "CamelCrusher": created preset file "E:\Music\Compositions\music\FL\FL Studio\Presets\Plugin database\Installed\Effects\VST\CamelCrusher.fst"
[24/02/2025 19:06:40]         Store preset "Powershaper" - effect=1
[24/02/2025 19:06:40]         Save "Powershaper": created preset file "E:\Music\Compositions\music\FL\FL Studio\Presets\Plugin database\Installed\Effects\VST\Powershaper.fst"
[24/02/2025 19:06:40]         Store preset "SPAN" - effect=1
[24/02/2025 19:06:40]         Save "SPAN": created preset file "E:\Music\Compositions\music\FL\FL Studio\Presets\Plugin database\Installed\Effects\VST\SPAN.fst"
[24/02/2025 19:06:40]         Store preset "Youlean Loudness Meter 2" - effect=1
[24/02/2025 19:06:40]         Save "Youlean Loudness Meter 2": created preset file "E:\Music\Compositions\music\FL\FL Studio\Presets\Plugin database\Installed\Effects\VST\Youlean Loudness Meter 2.fst"
[24/02/2025 19:06:40]         Store preset "3x Osc" - effect=0
[24/02/2025 19:06:40]         Save "3x Osc": created preset file "E:\Music\Compositions\music\FL\FL Studio\Presets\Plugin database\Installed\Generators\Fruity\3x Osc.fst"
[24/02/2025 19:06:40]         Store preset "Autogun" - effect=0
[24/02/2025 19:06:40]         Save "Autogun": created preset file "E:\Music\Compositions\music\FL\FL Studio\Presets\Plugin database\Installed\Generators\Fruity\Autogun.fst"
[24/02/2025 19:06:40]         Store preset "BassDrum" - effect=0
[24/02/2025 19:06:40]         Save "BassDrum": created preset file "E:\Music\Compositions\music\FL\FL Studio\Presets\Plugin database\Installed\Generators\Fruity\BassDrum.fst"
[24/02/2025 19:06:40]         Store preset "BeepMap" - effect=0
[24/02/2025 19:06:40]         Save "BeepMap": created preset file "E:\Music\Compositions\music\FL\FL Studio\Presets\Plugin database\Installed\Generators\Fruity\BeepMap.fst"
[24/02/2025 19:06:40]         Store preset "BooBass" - effect=0
[24/02/2025 19:06:40]         Save "BooBass": created preset file "E:\Music\Compositions\music\FL\FL Studio\Presets\Plugin database\Installed\Generators\Fruity\BooBass.fst"
[24/02/2025 19:06:40]         Store preset "Dashboard" - effect=0
[24/02/2025 19:06:40]         Save "Dashboard": created preset file "E:\Music\Compositions\music\FL\FL Studio\Presets\Plugin database\Installed\Generators\Fruity\Dashboard.fst"
[24/02/2025 19:06:40]         Store preset "DirectWave" - effect=0
[24/02/2025 19:06:40]         Save "DirectWave": created preset file "E:\Music\Compositions\music\FL\FL Studio\Presets\Plugin database\Installed\Generators\Fruity\DirectWave.fst"
[24/02/2025 19:06:40]         Store preset "Drumaxx" - effect=0
[24/02/2025 19:06:40]         Save "Drumaxx": created preset file "E:\Music\Compositions\music\FL\FL Studio\Presets\Plugin database\Installed\Generators\Fruity\Drumaxx.fst"
[24/02/2025 19:06:40]         Store preset "Drumpad" - effect=0
[24/02/2025 19:06:40]         Save "Drumpad": created preset file "E:\Music\Compositions\music\FL\FL Studio\Presets\Plugin database\Installed\Generators\Fruity\Drumpad.fst"
[24/02/2025 19:06:40]         Store preset "FL Keys" - effect=0
[24/02/2025 19:06:40]         Save "FL Keys": created preset file "E:\Music\Compositions\music\FL\FL Studio\Presets\Plugin database\Installed\Generators\Fruity\FL Keys.fst"
[24/02/2025 19:06:40]         Store preset "FL Slayer" - effect=0
[24/02/2025 19:06:40]         Save "FL Slayer": created preset file "E:\Music\Compositions\music\FL\FL Studio\Presets\Plugin database\Installed\Generators\Fruity\FL Slayer.fst"
[24/02/2025 19:06:40]         Store preset "FL Studio Mobile" - effect=0
[24/02/2025 19:06:40]         Save "FL Studio Mobile": created preset file "E:\Music\Compositions\music\FL\FL Studio\Presets\Plugin database\Installed\Generators\Fruity\FL Studio Mobile.fst"
[24/02/2025 19:06:40]         Store preset "FLEX" - effect=0
[24/02/2025 19:06:40]         Save "FLEX": created preset file "E:\Music\Compositions\music\FL\FL Studio\Presets\Plugin database\Installed\Generators\Fruity\FLEX.fst"
[24/02/2025 19:06:40]         Store preset "FPC" - effect=0
[24/02/2025 19:06:40]         Save "FPC": created preset file "E:\Music\Compositions\music\FL\FL Studio\Presets\Plugin database\Installed\Generators\Fruity\FPC.fst"
[24/02/2025 19:06:40]         Store preset "Fruit Kick" - effect=0
[24/02/2025 19:06:40]         Save "Fruit Kick": created preset file "E:\Music\Compositions\music\FL\FL Studio\Presets\Plugin database\Installed\Generators\Fruity\Fruit Kick.fst"
[24/02/2025 19:06:40]         Store preset "Fruity Dance" - effect=0
[24/02/2025 19:06:40]         Save "Fruity Dance": created preset file "E:\Music\Compositions\music\FL\FL Studio\Presets\Plugin database\Installed\Generators\Fruity\Fruity Dance.fst"
[24/02/2025 19:06:40]         Store preset "Fruity DrumSynth Live" - effect=0
[24/02/2025 19:06:40]         Save "Fruity DrumSynth Live": created preset file "E:\Music\Compositions\music\FL\FL Studio\Presets\Plugin database\Installed\Generators\Fruity\Fruity DrumSynth Live.fst"
[24/02/2025 19:06:40]         Store preset "Fruity DX10" - effect=0
[24/02/2025 19:06:40]         Save "Fruity DX10": created preset file "E:\Music\Compositions\music\FL\FL Studio\Presets\Plugin database\Installed\Generators\Fruity\Fruity DX10.fst"
[24/02/2025 19:06:40]         Store preset "Fruity Envelope Controller" - effect=0
[24/02/2025 19:06:40]         Save "Fruity Envelope Controller": created preset file "E:\Music\Compositions\music\FL\FL Studio\Presets\Plugin database\Installed\Generators\Fruity\Fruity Envelope Controller.fst"
[24/02/2025 19:06:40]         Store preset "Fruity Granulizer" - effect=0
[24/02/2025 19:06:40]         Save "Fruity Granulizer": created preset file "E:\Music\Compositions\music\FL\FL Studio\Presets\Plugin database\Installed\Generators\Fruity\Fruity Granulizer.fst"
[24/02/2025 19:06:40]         Store preset "Fruity Keyboard Controller" - effect=0
[24/02/2025 19:06:40]         Save "Fruity Keyboard Controller": created preset file "E:\Music\Compositions\music\FL\FL Studio\Presets\Plugin database\Installed\Generators\Fruity\Fruity Keyboard Controller.fst"
[24/02/2025 19:06:40]         Store preset "Fruity Slicer" - effect=0
[24/02/2025 19:06:40]         Save "Fruity Slicer": created preset file "E:\Music\Compositions\music\FL\FL Studio\Presets\Plugin database\Installed\Generators\Fruity\Fruity Slicer.fst"
[24/02/2025 19:06:40]         Store preset "Fruity Soundfont Player" - effect=0
[24/02/2025 19:06:40]         Save "Fruity Soundfont Player": created preset file "E:\Music\Compositions\music\FL\FL Studio\Presets\Plugin database\Installed\Generators\Fruity\Fruity Soundfont Player.fst"
[24/02/2025 19:06:40]         Store preset "Fruity Video Player" - effect=0
[24/02/2025 19:06:40]         Save "Fruity Video Player": created preset file "E:\Music\Compositions\music\FL\FL Studio\Presets\Plugin database\Installed\Generators\Fruity\Fruity Video Player.fst"
[24/02/2025 19:06:40]         Store preset "Fruity Voltage Controller" - effect=0
[24/02/2025 19:06:40]         Save "Fruity Voltage Controller": created preset file "E:\Music\Compositions\music\FL\FL Studio\Presets\Plugin database\Installed\Generators\Fruity\Fruity Voltage Controller.fst"
[24/02/2025 19:06:40]         Store preset "Fruity Wrapper" - effect=0
[24/02/2025 19:06:40]         Save "Fruity Wrapper": created preset file "E:\Music\Compositions\music\FL\FL Studio\Presets\Plugin database\Installed\Generators\Fruity\Fruity Wrapper.fst"
[24/02/2025 19:06:40]         Store preset "GMS" - effect=0
[24/02/2025 19:06:40]         Save "GMS": created preset file "E:\Music\Compositions\music\FL\FL Studio\Presets\Plugin database\Installed\Generators\Fruity\GMS.fst"
[24/02/2025 19:06:40]         Store preset "Harmless" - effect=0
[24/02/2025 19:06:40]         Save "Harmless": created preset file "E:\Music\Compositions\music\FL\FL Studio\Presets\Plugin database\Installed\Generators\Fruity\Harmless.fst"
[24/02/2025 19:06:40]         Store preset "Harmor" - effect=0
[24/02/2025 19:06:40]         Save "Harmor": created preset file "E:\Music\Compositions\music\FL\FL Studio\Presets\Plugin database\Installed\Generators\Fruity\Harmor.fst"
[24/02/2025 19:06:40]         Store preset "MIDI Out" - effect=0
[24/02/2025 19:06:40]         Save "MIDI Out": created preset file "E:\Music\Compositions\music\FL\FL Studio\Presets\Plugin database\Installed\Generators\Fruity\MIDI Out.fst"
[24/02/2025 19:06:40]         Store preset "MiniSynth" - effect=0
[24/02/2025 19:06:40]         Save "MiniSynth": created preset file "E:\Music\Compositions\music\FL\FL Studio\Presets\Plugin database\Installed\Generators\Fruity\MiniSynth.fst"
[24/02/2025 19:06:40]         Store preset "Morphine" - effect=0
[24/02/2025 19:06:40]         Save "Morphine": created preset file "E:\Music\Compositions\music\FL\FL Studio\Presets\Plugin database\Installed\Generators\Fruity\Morphine.fst"
[24/02/2025 19:06:40]         Store preset "Ogun" - effect=0
[24/02/2025 19:06:40]         Save "Ogun": created preset file "E:\Music\Compositions\music\FL\FL Studio\Presets\Plugin database\Installed\Generators\Fruity\Ogun.fst"
[24/02/2025 19:06:40]         Store preset "Patcher" - effect=0
[24/02/2025 19:06:40]         Save "Patcher": created preset file "E:\Music\Compositions\music\FL\FL Studio\Presets\Plugin database\Installed\Generators\Fruity\Patcher.fst"
[24/02/2025 19:06:40]         Store preset "Plucked!" - effect=0
[24/02/2025 19:06:40]         Save "Plucked!": created preset file "E:\Music\Compositions\music\FL\FL Studio\Presets\Plugin database\Installed\Generators\Fruity\Plucked!.fst"
[24/02/2025 19:06:40]         Store preset "PoiZone" - effect=0
[24/02/2025 19:06:40]         Save "PoiZone": created preset file "E:\Music\Compositions\music\FL\FL Studio\Presets\Plugin database\Installed\Generators\Fruity\PoiZone.fst"
[24/02/2025 19:06:40]         Store preset "ReWired" - effect=0
[24/02/2025 19:06:40]         Save "ReWired": created preset file "E:\Music\Compositions\music\FL\FL Studio\Presets\Plugin database\Installed\Generators\Fruity\ReWired.fst"
[24/02/2025 19:06:40]         Store preset "Sakura" - effect=0
[24/02/2025 19:06:40]         Save "Sakura": created preset file "E:\Music\Compositions\music\FL\FL Studio\Presets\Plugin database\Installed\Generators\Fruity\Sakura.fst"
[24/02/2025 19:06:40]         Store preset "Sawer" - effect=0
[24/02/2025 19:06:40]         Save "Sawer": created preset file "E:\Music\Compositions\music\FL\FL Studio\Presets\Plugin database\Installed\Generators\Fruity\Sawer.fst"
[24/02/2025 19:06:40]         Store preset "SimSynth" - effect=0
[24/02/2025 19:06:40]         Save "SimSynth": created preset file "E:\Music\Compositions\music\FL\FL Studio\Presets\Plugin database\Installed\Generators\Fruity\SimSynth.fst"
[24/02/2025 19:06:40]         Store preset "Slicex" - effect=0
[24/02/2025 19:06:40]         Save "Slicex": created preset file "E:\Music\Compositions\music\FL\FL Studio\Presets\Plugin database\Installed\Generators\Fruity\Slicex.fst"
[24/02/2025 19:06:40]         Store preset "Sytrus" - effect=0
[24/02/2025 19:06:40]         Save "Sytrus": created preset file "E:\Music\Compositions\music\FL\FL Studio\Presets\Plugin database\Installed\Generators\Fruity\Sytrus.fst"
[24/02/2025 19:06:40]         Store preset "Toxic Biohazard" - effect=0
[24/02/2025 19:06:40]         Save "Toxic Biohazard": created preset file "E:\Music\Compositions\music\FL\FL Studio\Presets\Plugin database\Installed\Generators\Fruity\Toxic Biohazard.fst"
[24/02/2025 19:06:40]         Store preset "Transistor Bass" - effect=0
[24/02/2025 19:06:40]         Save "Transistor Bass": created preset file "E:\Music\Compositions\music\FL\FL Studio\Presets\Plugin database\Installed\Generators\Fruity\Transistor Bass.fst"
[24/02/2025 19:06:40]         Store preset "Wasp XT" - effect=0
[24/02/2025 19:06:40]         Save "Wasp XT": created preset file "E:\Music\Compositions\music\FL\FL Studio\Presets\Plugin database\Installed\Generators\Fruity\Wasp XT.fst"
[24/02/2025 19:06:40]         Store preset "Wasp" - effect=0
[24/02/2025 19:06:40]         Save "Wasp": created preset file "E:\Music\Compositions\music\FL\FL Studio\Presets\Plugin database\Installed\Generators\Fruity\Wasp.fst"
[24/02/2025 19:06:40]         Store preset "Wave Traveller" - effect=0
[24/02/2025 19:06:40]         Save "Wave Traveller": created preset file "E:\Music\Compositions\music\FL\FL Studio\Presets\Plugin database\Installed\Generators\Fruity\Wave Traveller.fst"
[24/02/2025 19:06:40]         Store preset "Ample Bass P" - effect=0
[24/02/2025 19:06:40]         Save "Ample Bass P": created preset file "E:\Music\Compositions\music\FL\FL Studio\Presets\Plugin database\Installed\Generators\VST3\Ample Bass P.fst"
[24/02/2025 19:06:40]         Store preset "Ample Bass U" - effect=0
[24/02/2025 19:06:40]         Save "Ample Bass U": created preset file "E:\Music\Compositions\music\FL\FL Studio\Presets\Plugin database\Installed\Generators\VST3\Ample Bass U.fst"
[24/02/2025 19:06:40]         Store preset "Ample Ethno U" - effect=0
[24/02/2025 19:06:40]         Save "Ample Ethno U": created preset file "E:\Music\Compositions\music\FL\FL Studio\Presets\Plugin database\Installed\Generators\VST3\Ample Ethno U.fst"
[24/02/2025 19:06:40]         Store preset "Ample Guitar LP" - effect=0
[24/02/2025 19:06:40]         Save "Ample Guitar LP": created preset file "E:\Music\Compositions\music\FL\FL Studio\Presets\Plugin database\Installed\Generators\VST3\Ample Guitar LP.fst"
[24/02/2025 19:06:40]         Store preset "Ample Guitar M" - effect=0
[24/02/2025 19:06:40]         Save "Ample Guitar M": created preset file "E:\Music\Compositions\music\FL\FL Studio\Presets\Plugin database\Installed\Generators\VST3\Ample Guitar M.fst"
[24/02/2025 19:06:40]         Store preset "DecentSampler" - effect=0
[24/02/2025 19:06:40]         Save "DecentSampler": created preset file "E:\Music\Compositions\music\FL\FL Studio\Presets\Plugin database\Installed\Generators\VST3\DecentSampler.fst"
[24/02/2025 19:06:40]         Store preset "Helm" - effect=0
[24/02/2025 19:06:40]         Save "Helm": created preset file "E:\Music\Compositions\music\FL\FL Studio\Presets\Plugin database\Installed\Generators\VST3\Helm.fst"
[24/02/2025 19:06:40]         Store preset "sforzando" - effect=0
[24/02/2025 19:06:40]         Save "sforzando": created preset file "E:\Music\Compositions\music\FL\FL Studio\Presets\Plugin database\Installed\Generators\VST3\sforzando.fst"
[24/02/2025 19:06:40]         Store preset "Sitar Renaissance" - effect=0
[24/02/2025 19:06:40]         Save "Sitar Renaissance": created preset file "E:\Music\Compositions\music\FL\FL Studio\Presets\Plugin database\Installed\Generators\VST3\Sitar Renaissance.fst"
[24/02/2025 19:06:40]         Store preset "Sweetcase EP" - effect=0
[24/02/2025 19:06:40]         Save "Sweetcase EP": created preset file "E:\Music\Compositions\music\FL\FL Studio\Presets\Plugin database\Installed\Generators\VST3\Sweetcase EP.fst"
[24/02/2025 19:06:40]         Store preset "Vinyl Crackles Generator" - effect=0
[24/02/2025 19:06:40]         Save "Vinyl Crackles Generator": created preset file "E:\Music\Compositions\music\FL\FL Studio\Presets\Plugin database\Installed\Generators\VST3\Vinyl Crackles Generator.fst"
[24/02/2025 19:06:40]         Store preset "Ample Guitar LP" - effect=0
[24/02/2025 19:06:40]         Save "Ample Guitar LP": created preset file "E:\Music\Compositions\music\FL\FL Studio\Presets\Plugin database\Installed\Generators\VST\Ample Guitar LP.fst"
[24/02/2025 19:06:40]         Store preset "Ample Percussion Cloudrum" - effect=0
[24/02/2025 19:06:40]         Save "Ample Percussion Cloudrum": created preset file "E:\Music\Compositions\music\FL\FL Studio\Presets\Plugin database\Installed\Generators\VST\Ample Percussion Cloudrum.fst"
[24/02/2025 19:06:40]         Store preset "Crystal Harp" - effect=0
[24/02/2025 19:06:40]         Save "Crystal Harp": created preset file "E:\Music\Compositions\music\FL\FL Studio\Presets\Plugin database\Installed\Generators\VST\Crystal Harp.fst"
[24/02/2025 19:06:40]         Store preset "DecentSampler" - effect=0
[24/02/2025 19:06:40]         Save "DecentSampler": created preset file "E:\Music\Compositions\music\FL\FL Studio\Presets\Plugin database\Installed\Generators\VST\DecentSampler.fst"
[24/02/2025 19:06:40]         Store preset "DSK AsianZ DreamZ" - effect=0
[24/02/2025 19:06:40]         Save "DSK AsianZ DreamZ": created preset file "E:\Music\Compositions\music\FL\FL Studio\Presets\Plugin database\Installed\Generators\VST\DSK AsianZ DreamZ.fst"
[24/02/2025 19:06:40]         Store preset "DSK World StringZ" - effect=0
[24/02/2025 19:06:40]         Save "DSK World StringZ": created preset file "E:\Music\Compositions\music\FL\FL Studio\Presets\Plugin database\Installed\Generators\VST\DSK World StringZ.fst"
[24/02/2025 19:06:40]         Store preset "Dynamic Guitars" - effect=0
[24/02/2025 19:06:40]         Save "Dynamic Guitars": created preset file "E:\Music\Compositions\music\FL\FL Studio\Presets\Plugin database\Installed\Generators\VST\Dynamic Guitars.fst"
[24/02/2025 19:06:40]         Store preset "Iowa Alto Sax" - effect=0
[24/02/2025 19:06:40]         Save "Iowa Alto Sax": created preset file "E:\Music\Compositions\music\FL\FL Studio\Presets\Plugin database\Installed\Generators\VST\Iowa Alto Sax.fst"
[24/02/2025 19:06:40]         Store preset "Love-Fi 2 Lite" - effect=0
[24/02/2025 19:06:40]         Save "Love-Fi 2 Lite": created preset file "E:\Music\Compositions\music\FL\FL Studio\Presets\Plugin database\Installed\Generators\VST\Love-Fi 2 Lite.fst"
[24/02/2025 19:06:40]         Store preset "sforzando" - effect=0
[24/02/2025 19:06:40]         Save "sforzando": created preset file "E:\Music\Compositions\music\FL\FL Studio\Presets\Plugin database\Installed\Generators\VST\sforzando.fst"
[24/02/2025 19:06:40]         Store preset "Sitar Renaissanc" - effect=0
[24/02/2025 19:06:40]         Save "Sitar Renaissanc": created preset file "E:\Music\Compositions\music\FL\FL Studio\Presets\Plugin database\Installed\Generators\VST\Sitar Renaissanc.fst"
[24/02/2025 19:06:40]         Store preset "Synth1 VSTi" - effect=0
[24/02/2025 19:06:40]         Save "Synth1 VSTi": created preset file "E:\Music\Compositions\music\FL\FL Studio\Presets\Plugin database\Installed\Generators\VST\Synth1 VSTi.fst"
[24/02/2025 19:06:40]         Store preset "The Bells" - effect=0
[24/02/2025 19:06:40]         Save "The Bells": created preset file "E:\Music\Compositions\music\FL\FL Studio\Presets\Plugin database\Installed\Generators\VST\The Bells.fst"
[24/02/2025 19:06:40]         Store preset "Upright Piano 1" - effect=0
[24/02/2025 19:06:40]         Save "Upright Piano 1": created preset file "E:\Music\Compositions\music\FL\FL Studio\Presets\Plugin database\Installed\Generators\VST\Upright Piano 1.fst"
[24/02/2025 19:06:40]         Store preset "Vinyl Crackles Generator" - effect=0
[24/02/2025 19:06:40]         Save "Vinyl Crackles Generator": created preset file "E:\Music\Compositions\music\FL\FL Studio\Presets\Plugin database\Installed\Generators\VST\Vinyl Crackles Generator.fst"
[24/02/2025 19:06:40]         Store preset "vRAM ePiano" - effect=0
[24/02/2025 19:06:40]         Save "vRAM ePiano": created preset file "E:\Music\Compositions\music\FL\FL Studio\Presets\Plugin database\Installed\Generators\VST\vRAM ePiano.fst"
[24/02/2025 19:06:40]         Store preset "Zither Renaissan" - effect=0
[24/02/2025 19:06:40]         Save "Zither Renaissan": created preset file "E:\Music\Compositions\music\FL\FL Studio\Presets\Plugin database\Installed\Generators\VST\Zither Renaissan.fst"
[24/02/2025 19:06:40]         Store preset "UADx 1176 FET Compressor" - effect=1
[24/02/2025 19:06:40]         Save "UADx 1176 FET Compressor": created preset file "E:\Music\Compositions\music\FL\FL Studio\Presets\Plugin database\Installed\Effects\VST3\UADx 1176 FET Compressor.fst"
[24/02/2025 19:06:40]         Finished (store all presets)
[24/02/2025 19:06:40]     Store plugin IDs
[24/02/2025 19:06:40]     Finished (Scan - internal)
[24/02/2025 19:06:40] Thread terminated
[24/02/2025 19:07:20] Scan
[24/02/2025 19:07:20]   [FL] E:\Program Files\FL Studio\Plugins\Fruity\Effects\
[24/02/2025 19:07:20]   [FL] E:\Program Files\FL Studio\Plugins\Fruity\Generators\
[24/02/2025 19:07:20]   [VST] E:\Program Files\Cakewalk\Vstplugins\
[24/02/2025 19:07:20]   [VST] C:\Program Files (x86)\Steinberg\VstPlugins\
[24/02/2025 19:07:20]   [VST] e:\program files\fl studio\Plugins\VST\
[24/02/2025 19:07:20]   [VST3] C:\Program Files (x86)\Common Files\VST3\
[24/02/2025 19:07:20]   [VST3] C:\Program Files\Common Files\VST3\
[24/02/2025 19:07:20]   [VST] e:\program files\fl studio\Plugins\Downloaded\
[24/02/2025 19:07:20]   [VST] e:\program files\fl studio\Plugins\Downloaded\VST\
[24/02/2025 19:07:20]   [VST] e:\program files\fl studio\Plugins\Downloaded\VST3\
[24/02/2025 19:07:20]   Options: noscannerexe verify store bridge threaded
[24/02/2025 19:07:20] Scan - internal
[24/02/2025 19:07:20]     LoadExistingPresets
[24/02/2025 19:07:20]         Clear
[24/02/2025 19:07:20]         Finished (LoadExistingPresets) - count=190
[24/02/2025 19:07:20]     Loaded existing presets - count=190
[24/02/2025 19:07:20]     Ensure plugins still exist
[24/02/2025 19:07:20]     Deleted missing presets - count=190
[24/02/2025 19:07:20]     Find files
[24/02/2025 19:07:20]     Find plugins
[24/02/2025 19:07:20]         Scanning FL
[24/02/2025 19:07:20]             Scanning... [FL] E:\Program Files\FL Studio\Plugins\Fruity\Effects\
[24/02/2025 19:07:20]             search path: E:\Program Files\FL Studio\Plugins\Fruity\Effects\
[24/02/2025 19:07:20]             Scanning... [FL] E:\Program Files\FL Studio\Plugins\Fruity\Generators\
[24/02/2025 19:07:20]             search path: E:\Program Files\FL Studio\Plugins\Fruity\Generators\
[24/02/2025 19:07:20]             Found 233 plugins
[24/02/2025 19:07:20]             Finished (FL)
[24/02/2025 19:07:20]         Scanning VST
[24/02/2025 19:07:20]             Scanning... [VST] E:\Program Files\Cakewalk\Vstplugins\
[24/02/2025 19:07:20]             search path: E:\Program Files\Cakewalk\Vstplugins\
[24/02/2025 19:07:20]             Scanning... [VST] C:\Program Files (x86)\Steinberg\VstPlugins\
[24/02/2025 19:07:20]             search path: C:\Program Files (x86)\Steinberg\VstPlugins\
[24/02/2025 19:07:20]             Scanning... [VST] e:\program files\fl studio\Plugins\VST\
[24/02/2025 19:07:20]             search path: e:\program files\fl studio\Plugins\VST\
[24/02/2025 19:07:20]             Scanning... [VST] e:\program files\fl studio\Plugins\Downloaded\
[24/02/2025 19:07:20]             search path: e:\program files\fl studio\Plugins\Downloaded\
[24/02/2025 19:07:20]             Scanning... [VST] e:\program files\fl studio\Plugins\Downloaded\VST\
[24/02/2025 19:07:20]             search path: e:\program files\fl studio\Plugins\Downloaded\VST\
[24/02/2025 19:07:20]             Scanning... [VST] e:\program files\fl studio\Plugins\Downloaded\VST3\
[24/02/2025 19:07:20]             search path: e:\program files\fl studio\Plugins\Downloaded\VST3\
[24/02/2025 19:07:20]             Found 36 plugins
[24/02/2025 19:07:20]             Finished (VST)
[24/02/2025 19:07:20]         Scanning VST3
[24/02/2025 19:07:20]             Scanning... [VST3] C:\Program Files (x86)\Common Files\VST3\
[24/02/2025 19:07:20]             search path: C:\Program Files (x86)\Common Files\VST3\
[24/02/2025 19:07:20]             Scanning... [VST3] C:\Program Files\Common Files\VST3\
[24/02/2025 19:07:20]             search path: C:\Program Files\Common Files\VST3\
[24/02/2025 19:07:20]             Found 54 plugins
[24/02/2025 19:07:20]             Finished (VST3)
[24/02/2025 19:07:20]         Finished (find plugins)
[24/02/2025 19:07:20]     Verify plugins
[24/02/2025 19:07:20]     Skipped - E:\Program Files\FL Studio\Plugins\Fruity\Effects\Control Surface\Control Surface.dll
[24/02/2025 19:07:20]     Skipped - E:\Program Files\FL Studio\Plugins\Fruity\Effects\Control Surface\Control Surface_x64.dll
[24/02/2025 19:07:20]     Skipped - E:\Program Files\FL Studio\Plugins\Fruity\Effects\Distructor\Distructor.dll
[24/02/2025 19:07:20]     Skipped - E:\Program Files\FL Studio\Plugins\Fruity\Effects\Distructor\Distructor_x64.dll
[24/02/2025 19:07:20]     Skipped - E:\Program Files\FL Studio\Plugins\Fruity\Effects\Edison\Edison.dll
[24/02/2025 19:07:20]     Skipped - E:\Program Files\FL Studio\Plugins\Fruity\Effects\Edison\Edison_x64.dll
[24/02/2025 19:07:20]     Skipped - E:\Program Files\FL Studio\Plugins\Fruity\Effects\Effector\Effector.dll
[24/02/2025 19:07:20]     Skipped - E:\Program Files\FL Studio\Plugins\Fruity\Effects\Effector\Effector_x64.dll
[24/02/2025 19:07:20]     Skipped - E:\Program Files\FL Studio\Plugins\Fruity\Effects\EQUO\EQUO.dll
[24/02/2025 19:07:20]     Skipped - E:\Program Files\FL Studio\Plugins\Fruity\Effects\EQUO\EQUO_x64.dll
[24/02/2025 19:07:20]     Skipped - E:\Program Files\FL Studio\Plugins\Fruity\Effects\Fruity 7 Band EQ\Fruity 7 Band EQ.dll
[24/02/2025 19:07:20]     Skipped - E:\Program Files\FL Studio\Plugins\Fruity\Effects\Fruity 7 Band EQ\Fruity 7 Band EQ_x64.dll
[24/02/2025 19:07:20]     Skipped - E:\Program Files\FL Studio\Plugins\Fruity\Effects\Fruity Balance\Fruity Balance.dll
[24/02/2025 19:07:20]     Skipped - E:\Program Files\FL Studio\Plugins\Fruity\Effects\Fruity Balance\Fruity Balance_x64.dll
[24/02/2025 19:07:20]     Skipped - E:\Program Files\FL Studio\Plugins\Fruity\Effects\Fruity Bass Boost\Fruity Bass Boost.dll
[24/02/2025 19:07:20]     Skipped - E:\Program Files\FL Studio\Plugins\Fruity\Effects\Fruity Bass Boost\Fruity Bass Boost_x64.dll
[24/02/2025 19:07:20]     Skipped - E:\Program Files\FL Studio\Plugins\Fruity\Effects\Fruity Big Clock\Fruity Big Clock.dll
[24/02/2025 19:07:20]     Skipped - E:\Program Files\FL Studio\Plugins\Fruity\Effects\Fruity Big Clock\Fruity Big Clock_x64.dll
[24/02/2025 19:07:20]     Skipped - E:\Program Files\FL Studio\Plugins\Fruity\Effects\Fruity Blood Overdrive\Fruity Blood Overdrive.dll
[24/02/2025 19:07:20]     Skipped - E:\Program Files\FL Studio\Plugins\Fruity\Effects\Fruity Blood Overdrive\Fruity Blood Overdrive_x64.dll
[24/02/2025 19:07:20]     Skipped - E:\Program Files\FL Studio\Plugins\Fruity\Effects\Fruity Center\Fruity Center.dll
[24/02/2025 19:07:20]     Skipped - E:\Program Files\FL Studio\Plugins\Fruity\Effects\Fruity Center\Fruity Center_x64.dll
[24/02/2025 19:07:20]     Skipped - E:\Program Files\FL Studio\Plugins\Fruity\Effects\Fruity Chorus\Fruity Chorus.dll
[24/02/2025 19:07:20]     Skipped - E:\Program Files\FL Studio\Plugins\Fruity\Effects\Fruity Chorus\Fruity Chorus_x64.dll
[24/02/2025 19:07:20]     Skipped - E:\Program Files\FL Studio\Plugins\Fruity\Effects\Fruity Compressor\Fruity Compressor.dll
[24/02/2025 19:07:20]     Skipped - E:\Program Files\FL Studio\Plugins\Fruity\Effects\Fruity Compressor\Fruity Compressor_x64.dll
[24/02/2025 19:07:20]     Skipped - E:\Program Files\FL Studio\Plugins\Fruity\Effects\Fruity Convolver\Fruity Convolver.dll
[24/02/2025 19:07:20]     Skipped - E:\Program Files\FL Studio\Plugins\Fruity\Effects\Fruity Convolver\Fruity Convolver_x64.dll
[24/02/2025 19:07:20]     Skipped - E:\Program Files\FL Studio\Plugins\Fruity\Effects\Fruity dB Meter\Fruity dB Meter.dll
[24/02/2025 19:07:20]     Skipped - E:\Program Files\FL Studio\Plugins\Fruity\Effects\Fruity dB Meter\Fruity dB Meter_x64.dll
[24/02/2025 19:07:20]     Skipped - E:\Program Files\FL Studio\Plugins\Fruity\Effects\Fruity Delay\Fruity Delay.dll
[24/02/2025 19:07:20]     Skipped - E:\Program Files\FL Studio\Plugins\Fruity\Effects\Fruity Delay\Fruity Delay_x64.dll
[24/02/2025 19:07:20]     Skipped - E:\Program Files\FL Studio\Plugins\Fruity\Effects\Fruity Delay 2\Fruity Delay 2.dll
[24/02/2025 19:07:20]     Skipped - E:\Program Files\FL Studio\Plugins\Fruity\Effects\Fruity Delay 2\Fruity Delay 2_x64.dll
[24/02/2025 19:07:20]     Skipped - E:\Program Files\FL Studio\Plugins\Fruity\Effects\Fruity Delay 3\Fruity Delay 3.dll
[24/02/2025 19:07:20]     Skipped - E:\Program Files\FL Studio\Plugins\Fruity\Effects\Fruity Delay 3\Fruity Delay 3_x64.dll
[24/02/2025 19:07:20]     Skipped - E:\Program Files\FL Studio\Plugins\Fruity\Effects\Fruity Delay Bank\Fruity Delay Bank.dll
[24/02/2025 19:07:20]     Skipped - E:\Program Files\FL Studio\Plugins\Fruity\Effects\Fruity Delay Bank\Fruity Delay Bank_x64.dll
[24/02/2025 19:07:20]     Skipped - E:\Program Files\FL Studio\Plugins\Fruity\Effects\Fruity Fast Dist\Fruity Fast Dist.dll
[24/02/2025 19:07:20]     Skipped - E:\Program Files\FL Studio\Plugins\Fruity\Effects\Fruity Fast Dist\Fruity Fast Dist_x64.dll
[24/02/2025 19:07:20]     Skipped - E:\Program Files\FL Studio\Plugins\Fruity\Effects\Fruity Fast LP\Fruity Fast LP.dll
[24/02/2025 19:07:20]     Skipped - E:\Program Files\FL Studio\Plugins\Fruity\Effects\Fruity Fast LP\Fruity Fast LP_x64.dll
[24/02/2025 19:07:20]     Skipped - E:\Program Files\FL Studio\Plugins\Fruity\Effects\Fruity Filter\Fruity Filter.dll
[24/02/2025 19:07:20]     Skipped - E:\Program Files\FL Studio\Plugins\Fruity\Effects\Fruity Filter\Fruity Filter_x64.dll
[24/02/2025 19:07:20]     Skipped - E:\Program Files\FL Studio\Plugins\Fruity\Effects\Fruity Flanger\Fruity Flanger.dll
[24/02/2025 19:07:20]     Skipped - E:\Program Files\FL Studio\Plugins\Fruity\Effects\Fruity Flanger\Fruity Flanger_x64.dll
[24/02/2025 19:07:20]     Skipped - E:\Program Files\FL Studio\Plugins\Fruity\Effects\Fruity Flangus\Fruity Flangus.dll
[24/02/2025 19:07:20]     Skipped - E:\Program Files\FL Studio\Plugins\Fruity\Effects\Fruity Flangus\Fruity Flangus_x64.dll
[24/02/2025 19:07:20]     Skipped - E:\Program Files\FL Studio\Plugins\Fruity\Effects\Fruity Formula Controller\Fruity Formula Controller.dll
[24/02/2025 19:07:20]     Skipped - E:\Program Files\FL Studio\Plugins\Fruity\Effects\Fruity Formula Controller\Fruity Formula Controller_x64.dll
[24/02/2025 19:07:20]     Skipped - E:\Program Files\FL Studio\Plugins\Fruity\Effects\Fruity Free Filter\Fruity Free Filter.dll
[24/02/2025 19:07:20]     Skipped - E:\Program Files\FL Studio\Plugins\Fruity\Effects\Fruity Free Filter\Fruity Free Filter_x64.dll
[24/02/2025 19:07:20]     Skipped - E:\Program Files\FL Studio\Plugins\Fruity\Effects\Fruity HTML NoteBook\Fruity HTML NoteBook.dll
[24/02/2025 19:07:20]     Skipped - E:\Program Files\FL Studio\Plugins\Fruity\Effects\Fruity HTML NoteBook\Fruity HTML NoteBook_x64.dll
[24/02/2025 19:07:20]     Skipped - E:\Program Files\FL Studio\Plugins\Fruity\Effects\Fruity Limiter\Fruity Limiter.dll
[24/02/2025 19:07:20]     Skipped - E:\Program Files\FL Studio\Plugins\Fruity\Effects\Fruity Limiter\Fruity Limiter_x64.dll
[24/02/2025 19:07:20]     Skipped - E:\Program Files\FL Studio\Plugins\Fruity\Effects\Fruity Love Philter\Fruity Love Philter.dll
[24/02/2025 19:07:20]     Skipped - E:\Program Files\FL Studio\Plugins\Fruity\Effects\Fruity Love Philter\Fruity Love Philter_x64.dll
[24/02/2025 19:07:20]     Skipped - E:\Program Files\FL Studio\Plugins\Fruity\Effects\Fruity LSD\Fruity LSD.dll
[24/02/2025 19:07:20]     Skipped - E:\Program Files\FL Studio\Plugins\Fruity\Effects\Fruity LSD\Fruity LSD_x64.dll
[24/02/2025 19:07:20]     Skipped - E:\Program Files\FL Studio\Plugins\Fruity\Effects\Fruity Multiband Compressor\Fruity Multiband Compressor.dll
[24/02/2025 19:07:20]     Skipped - E:\Program Files\FL Studio\Plugins\Fruity\Effects\Fruity Multiband Compressor\Fruity Multiband Compressor_x64.dll
[24/02/2025 19:07:20]     Skipped - E:\Program Files\FL Studio\Plugins\Fruity\Effects\Fruity Mute 2\Fruity Mute 2.dll
[24/02/2025 19:07:20]     Skipped - E:\Program Files\FL Studio\Plugins\Fruity\Effects\Fruity Mute 2\Fruity Mute 2_x64.dll
[24/02/2025 19:07:20]     Skipped - E:\Program Files\FL Studio\Plugins\Fruity\Effects\Fruity NoteBook\Fruity NoteBook.dll
[24/02/2025 19:07:20]     Skipped - E:\Program Files\FL Studio\Plugins\Fruity\Effects\Fruity NoteBook\Fruity NoteBook_x64.dll
[24/02/2025 19:07:20]     Skipped - E:\Program Files\FL Studio\Plugins\Fruity\Effects\Fruity NoteBook 2\Fruity NoteBook 2.dll
[24/02/2025 19:07:20]     Skipped - E:\Program Files\FL Studio\Plugins\Fruity\Effects\Fruity NoteBook 2\Fruity NoteBook 2_x64.dll
[24/02/2025 19:07:20]     Skipped - E:\Program Files\FL Studio\Plugins\Fruity\Effects\Fruity PanOMatic\Fruity PanOMatic.dll
[24/02/2025 19:07:20]     Skipped - E:\Program Files\FL Studio\Plugins\Fruity\Effects\Fruity PanOMatic\Fruity PanOMatic_x64.dll
[24/02/2025 19:07:20]     Skipped - E:\Program Files\FL Studio\Plugins\Fruity\Effects\Fruity Parametric EQ\Fruity Parametric EQ.dll
[24/02/2025 19:07:20]     Skipped - E:\Program Files\FL Studio\Plugins\Fruity\Effects\Fruity Parametric EQ\Fruity Parametric EQ_x64.dll
[24/02/2025 19:07:20]     Skipped - E:\Program Files\FL Studio\Plugins\Fruity\Effects\Fruity Parametric EQ 2\Fruity Parametric EQ 2.dll
[24/02/2025 19:07:20]     Skipped - E:\Program Files\FL Studio\Plugins\Fruity\Effects\Fruity Parametric EQ 2\Fruity Parametric EQ 2_x64.dll
[24/02/2025 19:07:20]     Skipped - E:\Program Files\FL Studio\Plugins\Fruity\Effects\Fruity Peak Controller\Fruity Peak Controller.dll
[24/02/2025 19:07:20]     Skipped - E:\Program Files\FL Studio\Plugins\Fruity\Effects\Fruity Peak Controller\Fruity Peak Controller_x64.dll
[24/02/2025 19:07:20]     Skipped - E:\Program Files\FL Studio\Plugins\Fruity\Effects\Fruity Phase Inverter\Fruity Phase Inverter.dll
[24/02/2025 19:07:20]     Skipped - E:\Program Files\FL Studio\Plugins\Fruity\Effects\Fruity Phase Inverter\Fruity Phase Inverter_x64.dll
[24/02/2025 19:07:20]     Skipped - E:\Program Files\FL Studio\Plugins\Fruity\Effects\Fruity Phaser\Fruity Phaser.dll
[24/02/2025 19:07:20]     Skipped - E:\Program Files\FL Studio\Plugins\Fruity\Effects\Fruity Phaser\Fruity Phaser_x64.dll
[24/02/2025 19:07:20]     Skipped - E:\Program Files\FL Studio\Plugins\Fruity\Effects\Fruity Reeverb\Fruity Reeverb.dll
[24/02/2025 19:07:20]     Skipped - E:\Program Files\FL Studio\Plugins\Fruity\Effects\Fruity Reeverb\Fruity Reeverb_x64.dll
[24/02/2025 19:07:20]     Skipped - E:\Program Files\FL Studio\Plugins\Fruity\Effects\Fruity Reeverb 2\Fruity Reeverb 2.dll
[24/02/2025 19:07:20]     Skipped - E:\Program Files\FL Studio\Plugins\Fruity\Effects\Fruity Reeverb 2\Fruity Reeverb 2_x64.dll
[24/02/2025 19:07:20]     Skipped - E:\Program Files\FL Studio\Plugins\Fruity\Effects\Fruity Scratcher\Fruity Scratcher.dll
[24/02/2025 19:07:20]     Skipped - E:\Program Files\FL Studio\Plugins\Fruity\Effects\Fruity Scratcher\Fruity Scratcher_x64.dll
[24/02/2025 19:07:20]     Skipped - E:\Program Files\FL Studio\Plugins\Fruity\Effects\Fruity Send\Fruity Send.dll
[24/02/2025 19:07:20]     Skipped - E:\Program Files\FL Studio\Plugins\Fruity\Effects\Fruity Send\Fruity Send_x64.dll
[24/02/2025 19:07:20]     Skipped - E:\Program Files\FL Studio\Plugins\Fruity\Effects\Fruity Soft Clipper\Fruity Soft Clipper.dll
[24/02/2025 19:07:20]     Skipped - E:\Program Files\FL Studio\Plugins\Fruity\Effects\Fruity Soft Clipper\Fruity Soft Clipper_x64.dll
[24/02/2025 19:07:20]     Skipped - E:\Program Files\FL Studio\Plugins\Fruity\Effects\Fruity Spectroman\Fruity Spectroman.dll
[24/02/2025 19:07:20]     Skipped - E:\Program Files\FL Studio\Plugins\Fruity\Effects\Fruity Spectroman\Fruity Spectroman_x64.dll
[24/02/2025 19:07:20]     Skipped - E:\Program Files\FL Studio\Plugins\Fruity\Effects\Fruity Squeeze\Fruity Squeeze.dll
[24/02/2025 19:07:20]     Skipped - E:\Program Files\FL Studio\Plugins\Fruity\Effects\Fruity Squeeze\Fruity Squeeze_x64.dll
[24/02/2025 19:07:20]     Skipped - E:\Program Files\FL Studio\Plugins\Fruity\Effects\Fruity Stereo Enhancer\Fruity Stereo Enhancer.dll
[24/02/2025 19:07:20]     Skipped - E:\Program Files\FL Studio\Plugins\Fruity\Effects\Fruity Stereo Enhancer\Fruity Stereo Enhancer_x64.dll
[24/02/2025 19:07:20]     Skipped - E:\Program Files\FL Studio\Plugins\Fruity\Effects\Fruity Stereo Shaper\Fruity Stereo Shaper.dll
[24/02/2025 19:07:20]     Skipped - E:\Program Files\FL Studio\Plugins\Fruity\Effects\Fruity Stereo Shaper\Fruity Stereo Shaper_x64.dll
[24/02/2025 19:07:20]     Skipped - E:\Program Files\FL Studio\Plugins\Fruity\Effects\Fruity Vocoder\Fruity Vocoder.dll
[24/02/2025 19:07:20]     Skipped - E:\Program Files\FL Studio\Plugins\Fruity\Effects\Fruity Vocoder\Fruity Vocoder_x64.dll
[24/02/2025 19:07:20]     Skipped - E:\Program Files\FL Studio\Plugins\Fruity\Effects\Fruity WaveShaper\Fruity WaveShaper.dll
[24/02/2025 19:07:20]     Skipped - E:\Program Files\FL Studio\Plugins\Fruity\Effects\Fruity WaveShaper\Fruity WaveShaper_x64.dll
[24/02/2025 19:07:20]     Skipped - E:\Program Files\FL Studio\Plugins\Fruity\Effects\Fruity Wrapper\Fruity Wrapper.dll
[24/02/2025 19:07:20]     Skipped - E:\Program Files\FL Studio\Plugins\Fruity\Effects\Fruity Wrapper\Fruity Wrapper_x64.dll
[24/02/2025 19:07:20]     Skipped - E:\Program Files\FL Studio\Plugins\Fruity\Effects\Fruity X-Y Controller\Fruity X-Y Controller.dll
[24/02/2025 19:07:20]     Skipped - E:\Program Files\FL Studio\Plugins\Fruity\Effects\Fruity X-Y Controller\Fruity X-Y Controller_x64.dll
[24/02/2025 19:07:20]     Skipped - E:\Program Files\FL Studio\Plugins\Fruity\Effects\Fruity X-Y-Z Controller\Fruity X-Y-Z Controller.dll
[24/02/2025 19:07:20]     Skipped - E:\Program Files\FL Studio\Plugins\Fruity\Effects\Fruity X-Y-Z Controller\Fruity X-Y-Z Controller_x64.dll
[24/02/2025 19:07:20]     Skipped - E:\Program Files\FL Studio\Plugins\Fruity\Effects\Gross Beat\Gross Beat.dll
[24/02/2025 19:07:20]     Skipped - E:\Program Files\FL Studio\Plugins\Fruity\Effects\Gross Beat\Gross Beat_x64.dll
[24/02/2025 19:07:20]     Skipped - E:\Program Files\FL Studio\Plugins\Fruity\Effects\Hardcore\Hardcore.dll
[24/02/2025 19:07:20]     Skipped - E:\Program Files\FL Studio\Plugins\Fruity\Effects\Hardcore\Hardcore_x64.dll
[24/02/2025 19:07:20]     Skipped - E:\Program Files\FL Studio\Plugins\Fruity\Effects\Maximus\Maximus.dll
[24/02/2025 19:07:20]     Skipped - E:\Program Files\FL Studio\Plugins\Fruity\Effects\Maximus\Maximus_x64.dll
[24/02/2025 19:07:20]     Skipped - E:\Program Files\FL Studio\Plugins\Fruity\Effects\Newtime\Newtime.dll
[24/02/2025 19:07:20]     Skipped - E:\Program Files\FL Studio\Plugins\Fruity\Effects\Newtime\Newtime_x64.dll
[24/02/2025 19:07:20]     Skipped - E:\Program Files\FL Studio\Plugins\Fruity\Effects\Newtone\Newtone.dll
[24/02/2025 19:07:20]     Skipped - E:\Program Files\FL Studio\Plugins\Fruity\Effects\Newtone\Newtone_x64.dll
[24/02/2025 19:07:20]     Skipped - E:\Program Files\FL Studio\Plugins\Fruity\Effects\Patcher\Patcher.dll
[24/02/2025 19:07:20]     Skipped - E:\Program Files\FL Studio\Plugins\Fruity\Effects\Patcher\Patcher_x64.dll
[24/02/2025 19:07:20]     Skipped - E:\Program Files\FL Studio\Plugins\Fruity\Effects\Pitcher\Pitcher.dll
[24/02/2025 19:07:20]     Skipped - E:\Program Files\FL Studio\Plugins\Fruity\Effects\Pitcher\Pitcher_x64.dll
[24/02/2025 19:07:20]     Skipped - E:\Program Files\FL Studio\Plugins\Fruity\Effects\Razer Chroma\Razer Chroma.dll
[24/02/2025 19:07:20]     Skipped - E:\Program Files\FL Studio\Plugins\Fruity\Effects\Razer Chroma\Razer Chroma_x64.dll
[24/02/2025 19:07:20]     Skipped - E:\Program Files\FL Studio\Plugins\Fruity\Effects\Soundgoodizer\Soundgoodizer.dll
[24/02/2025 19:07:20]     Skipped - E:\Program Files\FL Studio\Plugins\Fruity\Effects\Soundgoodizer\Soundgoodizer_x64.dll
[24/02/2025 19:07:20]     Skipped - E:\Program Files\FL Studio\Plugins\Fruity\Effects\Transient Processor\Transient Processor.dll
[24/02/2025 19:07:20]     Skipped - E:\Program Files\FL Studio\Plugins\Fruity\Effects\Transient Processor\Transient Processor_x64.dll
[24/02/2025 19:07:20]     Skipped - E:\Program Files\FL Studio\Plugins\Fruity\Effects\VFX Color Mapper\VFX Color Mapper.dll
[24/02/2025 19:07:20]     Skipped - E:\Program Files\FL Studio\Plugins\Fruity\Effects\VFX Color Mapper\VFX Color Mapper_x64.dll
[24/02/2025 19:07:20]     Skipped - E:\Program Files\FL Studio\Plugins\Fruity\Effects\VFX Key Mapper\VFX Key Mapper.dll
[24/02/2025 19:07:20]     Skipped - E:\Program Files\FL Studio\Plugins\Fruity\Effects\VFX Key Mapper\VFX Key Mapper_x64.dll
[24/02/2025 19:07:20]     Skipped - E:\Program Files\FL Studio\Plugins\Fruity\Effects\VFX Keyboard Splitter\VFX Keyboard Splitter.dll
[24/02/2025 19:07:20]     Skipped - E:\Program Files\FL Studio\Plugins\Fruity\Effects\VFX Keyboard Splitter\VFX Keyboard Splitter_x64.dll
[24/02/2025 19:07:20]     Skipped - E:\Program Files\FL Studio\Plugins\Fruity\Effects\VFX Level Scaler\VFX Level Scaler.dll
[24/02/2025 19:07:20]     Skipped - E:\Program Files\FL Studio\Plugins\Fruity\Effects\VFX Level Scaler\VFX Level Scaler_x64.dll
[24/02/2025 19:07:20]     Skipped - E:\Program Files\FL Studio\Plugins\Fruity\Effects\Vocodex\Vocodex.dll
[24/02/2025 19:07:20]     Skipped - E:\Program Files\FL Studio\Plugins\Fruity\Effects\Vocodex\Vocodex_x64.dll
[24/02/2025 19:07:20]     Skipped - E:\Program Files\FL Studio\Plugins\Fruity\Effects\Wave Candy\Wave Candy.dll
[24/02/2025 19:07:20]     Skipped - E:\Program Files\FL Studio\Plugins\Fruity\Effects\Wave Candy\Wave Candy_x64.dll
[24/02/2025 19:07:20]     Skipped - E:\Program Files\FL Studio\Plugins\Fruity\Effects\ZGameEditor Visualizer\ZGameEditor Visualizer.dll
[24/02/2025 19:07:20]     Skipped - E:\Program Files\FL Studio\Plugins\Fruity\Effects\ZGameEditor Visualizer\ZGameEditor Visualizer_x64.dll
[24/02/2025 19:07:20]     Skipped - E:\Program Files\FL Studio\Plugins\Fruity\Generators\3x Osc\3x Osc.dll
[24/02/2025 19:07:20]     Skipped - E:\Program Files\FL Studio\Plugins\Fruity\Generators\3x Osc\3x Osc_x64.dll
[24/02/2025 19:07:20]     Skipped - E:\Program Files\FL Studio\Plugins\Fruity\Generators\Autogun\Autogun.dll
[24/02/2025 19:07:20]     Skipped - E:\Program Files\FL Studio\Plugins\Fruity\Generators\Autogun\Autogun_x64.dll
[24/02/2025 19:07:20]     Skipped - E:\Program Files\FL Studio\Plugins\Fruity\Generators\BassDrum\BassDrum.dll
[24/02/2025 19:07:20]     Skipped - E:\Program Files\FL Studio\Plugins\Fruity\Generators\BassDrum\BassDrum_x64.dll
[24/02/2025 19:07:20]     Skipped - E:\Program Files\FL Studio\Plugins\Fruity\Generators\BeepMap\BeepMap.dll
[24/02/2025 19:07:20]     Skipped - E:\Program Files\FL Studio\Plugins\Fruity\Generators\BeepMap\BeepMap_x64.dll
[24/02/2025 19:07:20]     Skipped - E:\Program Files\FL Studio\Plugins\Fruity\Generators\BooBass\BooBass.dll
[24/02/2025 19:07:20]     Skipped - E:\Program Files\FL Studio\Plugins\Fruity\Generators\BooBass\BooBass_x64.dll
[24/02/2025 19:07:20]     Skipped - E:\Program Files\FL Studio\Plugins\Fruity\Generators\Dashboard\Dashboard.dll
[24/02/2025 19:07:20]     Skipped - E:\Program Files\FL Studio\Plugins\Fruity\Generators\Dashboard\Dashboard_x64.dll
[24/02/2025 19:07:20]     Skipped - E:\Program Files\FL Studio\Plugins\Fruity\Generators\DirectWave\DirectWave.dll
[24/02/2025 19:07:20]     Skipped - E:\Program Files\FL Studio\Plugins\Fruity\Generators\DirectWave\DirectWave_x64.dll
[24/02/2025 19:07:20]     Skipped - E:\Program Files\FL Studio\Plugins\Fruity\Generators\Drumaxx\Drumaxx.dll
[24/02/2025 19:07:20]     Skipped - E:\Program Files\FL Studio\Plugins\Fruity\Generators\Drumaxx\Drumaxx_x64.dll
[24/02/2025 19:07:20]     Skipped - E:\Program Files\FL Studio\Plugins\Fruity\Generators\Drumpad\Drumpad.dll
[24/02/2025 19:07:20]     Skipped - E:\Program Files\FL Studio\Plugins\Fruity\Generators\Drumpad\Drumpad_x64.dll
[24/02/2025 19:07:20]     Skipped - E:\Program Files\FL Studio\Plugins\Fruity\Generators\FL Keys\FL Keys.dll
[24/02/2025 19:07:20]     Skipped - E:\Program Files\FL Studio\Plugins\Fruity\Generators\FL Keys\FL Keys_x64.dll
[24/02/2025 19:07:20]     Skipped - E:\Program Files\FL Studio\Plugins\Fruity\Generators\FL Slayer\FL Slayer.dll
[24/02/2025 19:07:20]     Skipped - E:\Program Files\FL Studio\Plugins\Fruity\Generators\FL Slayer\FL Slayer_x64.dll
[24/02/2025 19:07:20]     Skipped - E:\Program Files\FL Studio\Plugins\Fruity\Generators\FL Studio Mobile\FL Studio Mobile.dll
[24/02/2025 19:07:20]     Skipped - E:\Program Files\FL Studio\Plugins\Fruity\Generators\FL Studio Mobile\FL Studio Mobile_x64.dll
[24/02/2025 19:07:20]     Skipped - E:\Program Files\FL Studio\Plugins\Fruity\Generators\FLEX\FLEX.dll
[24/02/2025 19:07:20]     Skipped - E:\Program Files\FL Studio\Plugins\Fruity\Generators\FLEX\FLEX_x64.dll
[24/02/2025 19:07:20]     Skipped - E:\Program Files\FL Studio\Plugins\Fruity\Generators\FPC\FPC.dll
[24/02/2025 19:07:20]     Skipped - E:\Program Files\FL Studio\Plugins\Fruity\Generators\FPC\FPC_x64.dll
[24/02/2025 19:07:20]     Skipped - E:\Program Files\FL Studio\Plugins\Fruity\Generators\Fruit Kick\Fruit Kick.dll
[24/02/2025 19:07:20]     Skipped - E:\Program Files\FL Studio\Plugins\Fruity\Generators\Fruit Kick\Fruit Kick_x64.dll
[24/02/2025 19:07:20]     Skipped - E:\Program Files\FL Studio\Plugins\Fruity\Generators\Fruity Dance\Fruity Dance.dll
[24/02/2025 19:07:20]     Skipped - E:\Program Files\FL Studio\Plugins\Fruity\Generators\Fruity Dance\Fruity Dance_x64.dll
[24/02/2025 19:07:20]     Skipped - E:\Program Files\FL Studio\Plugins\Fruity\Generators\Fruity DrumSynth Live\Fruity DrumSynth Live.dll
[24/02/2025 19:07:20]     Skipped - E:\Program Files\FL Studio\Plugins\Fruity\Generators\Fruity DrumSynth Live\Fruity DrumSynth Live_x64.dll
[24/02/2025 19:07:20]     Skipped - E:\Program Files\FL Studio\Plugins\Fruity\Generators\Fruity DX10\Fruity DX10.dll
[24/02/2025 19:07:20]     Skipped - E:\Program Files\FL Studio\Plugins\Fruity\Generators\Fruity DX10\Fruity DX10_x64.dll
[24/02/2025 19:07:20]     Skipped - E:\Program Files\FL Studio\Plugins\Fruity\Generators\Fruity Envelope Controller\Fruity Envelope Controller.dll
[24/02/2025 19:07:20]     Skipped - E:\Program Files\FL Studio\Plugins\Fruity\Generators\Fruity Envelope Controller\Fruity Envelope Controller_x64.dll
[24/02/2025 19:07:20]     Skipped - E:\Program Files\FL Studio\Plugins\Fruity\Generators\Fruity Granulizer\Fruity Granulizer.dll
[24/02/2025 19:07:20]     Skipped - E:\Program Files\FL Studio\Plugins\Fruity\Generators\Fruity Granulizer\Fruity Granulizer_x64.dll
[24/02/2025 19:07:20]     Skipped - E:\Program Files\FL Studio\Plugins\Fruity\Generators\Fruity Keyboard Controller\Fruity Keyboard Controller.dll
[24/02/2025 19:07:20]     Skipped - E:\Program Files\FL Studio\Plugins\Fruity\Generators\Fruity Keyboard Controller\Fruity Keyboard Controller_x64.dll
[24/02/2025 19:07:20]     Skipped - E:\Program Files\FL Studio\Plugins\Fruity\Generators\Fruity Slicer\Fruity Slicer.dll
[24/02/2025 19:07:20]     Skipped - E:\Program Files\FL Studio\Plugins\Fruity\Generators\Fruity Slicer\Fruity Slicer_x64.dll
[24/02/2025 19:07:20]     Skipped - E:\Program Files\FL Studio\Plugins\Fruity\Generators\Fruity Soundfont Player\Fruity Soundfont Player.dll
[24/02/2025 19:07:20]     Skipped - E:\Program Files\FL Studio\Plugins\Fruity\Generators\Fruity Video Player\Fruity Video Player.dll
[24/02/2025 19:07:20]     Skipped - E:\Program Files\FL Studio\Plugins\Fruity\Generators\Fruity Video Player\Fruity Video Player_x64.dll
[24/02/2025 19:07:20]     Skipped - E:\Program Files\FL Studio\Plugins\Fruity\Generators\Fruity Voltage Controller\Fruity Voltage Controller.dll
[24/02/2025 19:07:20]     Skipped - E:\Program Files\FL Studio\Plugins\Fruity\Generators\Fruity Voltage Controller\Fruity Voltage Controller_x64.dll
[24/02/2025 19:07:20]     Skipped - E:\Program Files\FL Studio\Plugins\Fruity\Generators\Fruity Wrapper\Fruity Wrapper.dll
[24/02/2025 19:07:20]     Skipped - E:\Program Files\FL Studio\Plugins\Fruity\Generators\Fruity Wrapper\Fruity Wrapper_x64.dll
[24/02/2025 19:07:20]     Skipped - E:\Program Files\FL Studio\Plugins\Fruity\Generators\GMS\GMS.dll
[24/02/2025 19:07:20]     Skipped - E:\Program Files\FL Studio\Plugins\Fruity\Generators\GMS\GMS_x64.dll
[24/02/2025 19:07:20]     Skipped - E:\Program Files\FL Studio\Plugins\Fruity\Generators\Harmless\Harmless.dll
[24/02/2025 19:07:20]     Skipped - E:\Program Files\FL Studio\Plugins\Fruity\Generators\Harmless\Harmless_x64.dll
[24/02/2025 19:07:20]     Skipped - E:\Program Files\FL Studio\Plugins\Fruity\Generators\Harmor\Harmor.dll
[24/02/2025 19:07:20]     Skipped - E:\Program Files\FL Studio\Plugins\Fruity\Generators\Harmor\Harmor_x64.dll
[24/02/2025 19:07:20]     Skipped - E:\Program Files\FL Studio\Plugins\Fruity\Generators\MIDI Out\MIDI Out.dll
[24/02/2025 19:07:20]     Skipped - E:\Program Files\FL Studio\Plugins\Fruity\Generators\MIDI Out\MIDI Out_x64.dll
[24/02/2025 19:07:20]     Skipped - E:\Program Files\FL Studio\Plugins\Fruity\Generators\MiniSynth\MiniSynth.dll
[24/02/2025 19:07:20]     Skipped - E:\Program Files\FL Studio\Plugins\Fruity\Generators\MiniSynth\MiniSynth_x64.dll
[24/02/2025 19:07:20]     Skipped - E:\Program Files\FL Studio\Plugins\Fruity\Generators\Morphine\Morphine.dll
[24/02/2025 19:07:20]     Skipped - E:\Program Files\FL Studio\Plugins\Fruity\Generators\Morphine\Morphine_x64.dll
[24/02/2025 19:07:20]     Skipped - E:\Program Files\FL Studio\Plugins\Fruity\Generators\Ogun\Ogun.dll
[24/02/2025 19:07:20]     Skipped - E:\Program Files\FL Studio\Plugins\Fruity\Generators\Ogun\Ogun_x64.dll
[24/02/2025 19:07:20]     Skipped - E:\Program Files\FL Studio\Plugins\Fruity\Generators\Patcher\Patcher.dll
[24/02/2025 19:07:20]     Skipped - E:\Program Files\FL Studio\Plugins\Fruity\Generators\Patcher\Patcher_x64.dll
[24/02/2025 19:07:20]     Skipped - E:\Program Files\FL Studio\Plugins\Fruity\Generators\Plucked!\Plucked!.dll
[24/02/2025 19:07:20]     Skipped - E:\Program Files\FL Studio\Plugins\Fruity\Generators\Plucked!\Plucked!_x64.dll
[24/02/2025 19:07:20]     Skipped - E:\Program Files\FL Studio\Plugins\Fruity\Generators\PoiZone\PoiZone.dll
[24/02/2025 19:07:20]     Skipped - E:\Program Files\FL Studio\Plugins\Fruity\Generators\PoiZone\PoiZone_x64.dll
[24/02/2025 19:07:20]     Skipped - E:\Program Files\FL Studio\Plugins\Fruity\Generators\ReWired\ReWired.dll
[24/02/2025 19:07:20]     Skipped - E:\Program Files\FL Studio\Plugins\Fruity\Generators\ReWired\ReWired_x64.dll
[24/02/2025 19:07:20]     Skipped - E:\Program Files\FL Studio\Plugins\Fruity\Generators\Sakura\Sakura.dll
[24/02/2025 19:07:20]     Skipped - E:\Program Files\FL Studio\Plugins\Fruity\Generators\Sakura\Sakura_x64.dll
[24/02/2025 19:07:20]     Skipped - E:\Program Files\FL Studio\Plugins\Fruity\Generators\Sawer\Sawer.dll
[24/02/2025 19:07:20]     Skipped - E:\Program Files\FL Studio\Plugins\Fruity\Generators\Sawer\Sawer_x64.dll
[24/02/2025 19:07:20]     Skipped - E:\Program Files\FL Studio\Plugins\Fruity\Generators\SimSynth\SimSynth.dll
[24/02/2025 19:07:20]     Skipped - E:\Program Files\FL Studio\Plugins\Fruity\Generators\SimSynth\SimSynth_x64.dll
[24/02/2025 19:07:20]     Skipped - E:\Program Files\FL Studio\Plugins\Fruity\Generators\Slicex\Slicex.dll
[24/02/2025 19:07:20]     Skipped - E:\Program Files\FL Studio\Plugins\Fruity\Generators\Slicex\Slicex_x64.dll
[24/02/2025 19:07:20]     Skipped - E:\Program Files\FL Studio\Plugins\Fruity\Generators\Sytrus\Sytrus.dll
[24/02/2025 19:07:20]     Skipped - E:\Program Files\FL Studio\Plugins\Fruity\Generators\Sytrus\Sytrus_x64.dll
[24/02/2025 19:07:20]     Skipped - E:\Program Files\FL Studio\Plugins\Fruity\Generators\Toxic Biohazard\Toxic Biohazard.dll
[24/02/2025 19:07:20]     Skipped - E:\Program Files\FL Studio\Plugins\Fruity\Generators\Toxic Biohazard\Toxic Biohazard_x64.dll
[24/02/2025 19:07:20]     Skipped - E:\Program Files\FL Studio\Plugins\Fruity\Generators\Transistor Bass\Transistor Bass.dll
[24/02/2025 19:07:20]     Skipped - E:\Program Files\FL Studio\Plugins\Fruity\Generators\Transistor Bass\Transistor Bass_x64.dll
[24/02/2025 19:07:20]     Skipped - E:\Program Files\FL Studio\Plugins\Fruity\Generators\Wasp\Wasp.dll
[24/02/2025 19:07:20]     Skipped - E:\Program Files\FL Studio\Plugins\Fruity\Generators\Wasp XT\Wasp XT.dll
[24/02/2025 19:07:20]     Skipped - E:\Program Files\FL Studio\Plugins\Fruity\Generators\Wave Traveller\Wave Traveller.dll
[24/02/2025 19:07:20]     Skipped - E:\Program Files\FL Studio\Plugins\Fruity\Generators\Wave Traveller\Wave Traveller_x64.dll
[24/02/2025 19:07:20]     Skipped - E:\Program Files\Cakewalk\Vstplugins\TDR Nova.dll
[24/02/2025 19:07:20]     Skipped - C:\Program Files (x86)\Steinberg\VstPlugins\TDR Nova.dll
[24/02/2025 19:07:20]     Skipped - e:\program files\fl studio\Plugins\Downloaded\Ample Bass P.dll
[24/02/2025 19:07:20]     Skipped - e:\program files\fl studio\Plugins\Downloaded\Ample Bass U.dll
[24/02/2025 19:07:20]     Skipped - e:\program files\fl studio\Plugins\Downloaded\Ample Ethno U.dll
[24/02/2025 19:07:20]     Skipped - e:\program files\fl studio\Plugins\Downloaded\Ample Guitar LP.dll
[24/02/2025 19:07:20]     Skipped - e:\program files\fl studio\Plugins\Downloaded\Ample Guitar M.dll
[24/02/2025 19:07:20]     Skipped - e:\program files\fl studio\Plugins\Downloaded\APC.dll
[24/02/2025 19:07:20]     Skipped - e:\program files\fl studio\Plugins\Downloaded\APCx86.dll
[24/02/2025 19:07:20]     Skipped - e:\program files\fl studio\Plugins\Downloaded\CamelCrusher\CamelCrusher.dll
[24/02/2025 19:07:20]     Skipped - e:\program files\fl studio\Plugins\Downloaded\Crystal Harp 64-bit Windows VST v1.0\Crystal Harp.dll
[24/02/2025 19:07:20]     Skipped - e:\program files\fl studio\Plugins\Downloaded\DSK Asian DreamZ\DSK Asian DreamZ.dll
[24/02/2025 19:07:20]     Skipped - e:\program files\fl studio\Plugins\Downloaded\DSK Dynamic Guitars (64bits)\DSK Dynamic Guitars.dll
[24/02/2025 19:07:20]     Skipped - e:\program files\fl studio\Plugins\Downloaded\DSK World StringZ\DSK World StringZ.dll
[24/02/2025 19:07:20]     Skipped - e:\program files\fl studio\Plugins\Downloaded\helm.dll
[24/02/2025 19:07:20]     Skipped - e:\program files\fl studio\Plugins\Downloaded\helm64.dll
[24/02/2025 19:07:20]     Skipped - e:\program files\fl studio\Plugins\Downloaded\Iowa Sax\Iowa Alto Sax - 32.dll
[24/02/2025 19:07:20]     Skipped - e:\program files\fl studio\Plugins\Downloaded\Krush.dll
[24/02/2025 19:07:20]     Skipped - e:\program files\fl studio\Plugins\Downloaded\Love-Fi 2 Lite.dll
[24/02/2025 19:07:20]     Skipped - e:\program files\fl studio\Plugins\Downloaded\LUFS\Youlean Loudness Meter 2.dll
[24/02/2025 19:07:20]     Skipped - e:\program files\fl studio\Plugins\Downloaded\Powershaper.dll
[24/02/2025 19:07:20]     Skipped - e:\program files\fl studio\Plugins\Downloaded\Sitar Renaissance Windows 64-bit VST v1.0\Sitar Renaissance.dll
[24/02/2025 19:07:20]     Skipped - e:\program files\fl studio\Plugins\Downloaded\SPAN.dll
[24/02/2025 19:07:20]     Skipped - e:\program files\fl studio\Plugins\Downloaded\Synth1\Synth1 VST.dll
[24/02/2025 19:07:20]     Skipped - e:\program files\fl studio\Plugins\Downloaded\Synth1\Synth1 VST64.dll
[24/02/2025 19:07:20]     Skipped - e:\program files\fl studio\Plugins\Downloaded\The Bells Windows 64-bit VST v1.0\The Bells.dll
[24/02/2025 19:07:20]     Skipped - e:\program files\fl studio\Plugins\Downloaded\Vinyl Crackles Generator Windows 64-bit VST v1.0\Vinyl Crackles Generator.dll
[24/02/2025 19:07:20]     Skipped - e:\program files\fl studio\Plugins\Downloaded\vRAM EPIANO\vRAM-epiano.dll
[24/02/2025 19:07:20]     Skipped - e:\program files\fl studio\Plugins\Downloaded\VST\DecentSampler.dll
[24/02/2025 19:07:20]     Skipped - e:\program files\fl studio\Plugins\Downloaded\VST\Plogue Art et Technologie, Inc\sforzando VST_x64.dll
[24/02/2025 19:07:20]     Skipped - e:\program files\fl studio\Plugins\Downloaded\VST3\Plogue Art et Technologie, Inc\sforzando VST_x86.dll
[24/02/2025 19:07:20]     Skipped - e:\program files\fl studio\Plugins\Downloaded\VSUpright\VSUpright_v1_64B.dll
[24/02/2025 19:07:20]     Skipped - e:\program files\fl studio\Plugins\Downloaded\Zither Renaissance Windows 64-bit VST v1.0\Zither Renaissance.dll
[24/02/2025 19:07:20]     Skipped - e:\program files\fl studio\Plugins\Downloaded\VST\DecentSampler.dll
[24/02/2025 19:07:20]     Skipped - e:\program files\fl studio\Plugins\Downloaded\VST\Plogue Art et Technologie, Inc\sforzando VST_x64.dll
[24/02/2025 19:07:20]     Skipped - e:\program files\fl studio\Plugins\Downloaded\VST3\Plogue Art et Technologie, Inc\sforzando VST_x86.dll
[24/02/2025 19:07:20]     Skipped - C:\Program Files (x86)\Common Files\VST3\DecentSampler.vst3
[24/02/2025 19:07:20]     Skipped - C:\Program Files (x86)\Common Files\VST3\TDR Nova.vst3
[24/02/2025 19:07:20]     Skipped - C:\Program Files\Common Files\VST3\ABP.vst3
[24/02/2025 19:07:20]     Skipped - C:\Program Files\Common Files\VST3\ABU.vst3
[24/02/2025 19:07:20]     Skipped - C:\Program Files\Common Files\VST3\AEU.vst3
[24/02/2025 19:07:20]     Skipped - C:\Program Files\Common Files\VST3\AGLP.vst3
[24/02/2025 19:07:20]     Skipped - C:\Program Files\Common Files\VST3\AGM.vst3
[24/02/2025 19:07:20]     Skipped - C:\Program Files\Common Files\VST3\Celemony\Melodyne\Melodyne.vst3
[24/02/2025 19:07:20]     Skipped - C:\Program Files\Common Files\VST3\DecentSampler.vst3
[24/02/2025 19:07:20]     Skipped - C:\Program Files\Common Files\VST3\Helm\helm.vst3
[24/02/2025 19:07:20]     Skipped - C:\Program Files\Common Files\VST3\Helm\helm64.vst3
[24/02/2025 19:07:20]     Skipped - C:\Program Files\Common Files\VST3\Kilohearts\kHs 3-Band EQ.vst3
[24/02/2025 19:07:20]     Skipped - C:\Program Files\Common Files\VST3\Kilohearts\kHs Bitcrush.vst3
[24/02/2025 19:07:20]     Skipped - C:\Program Files\Common Files\VST3\Kilohearts\kHs Channel Mixer.vst3
[24/02/2025 19:07:20]     Skipped - C:\Program Files\Common Files\VST3\Kilohearts\kHs Chorus.vst3
[24/02/2025 19:07:20]     Skipped - C:\Program Files\Common Files\VST3\Kilohearts\kHs Comb Filter.vst3
[24/02/2025 19:07:20]     Skipped - C:\Program Files\Common Files\VST3\Kilohearts\kHs Compressor.vst3
[24/02/2025 19:07:20]     Skipped - C:\Program Files\Common Files\VST3\Kilohearts\kHs Delay.vst3
[24/02/2025 19:07:20]     Skipped - C:\Program Files\Common Files\VST3\Kilohearts\kHs Distortion.vst3
[24/02/2025 19:07:20]     Skipped - C:\Program Files\Common Files\VST3\Kilohearts\kHs Dual Delay.vst3
[24/02/2025 19:07:20]     Skipped - C:\Program Files\Common Files\VST3\Kilohearts\kHs Dynamics.vst3
[24/02/2025 19:07:20]     Skipped - C:\Program Files\Common Files\VST3\Kilohearts\kHs Ensemble.vst3
[24/02/2025 19:07:20]     Skipped - C:\Program Files\Common Files\VST3\Kilohearts\kHs Filter.vst3
[24/02/2025 19:07:20]     Skipped - C:\Program Files\Common Files\VST3\Kilohearts\kHs Flanger.vst3
[24/02/2025 19:07:20]     Skipped - C:\Program Files\Common Files\VST3\Kilohearts\kHs Formant Filter.vst3
[24/02/2025 19:07:20]     Skipped - C:\Program Files\Common Files\VST3\Kilohearts\kHs Frequency Shifter.vst3
[24/02/2025 19:07:20]     Skipped - C:\Program Files\Common Files\VST3\Kilohearts\kHs Gain.vst3
[24/02/2025 19:07:20]     Skipped - C:\Program Files\Common Files\VST3\Kilohearts\kHs Gate.vst3
[24/02/2025 19:07:20]     Skipped - C:\Program Files\Common Files\VST3\Kilohearts\kHs Haas.vst3
[24/02/2025 19:07:20]     Skipped - C:\Program Files\Common Files\VST3\Kilohearts\kHs Ladder Filter.vst3
[24/02/2025 19:07:20]     Skipped - C:\Program Files\Common Files\VST3\Kilohearts\kHs Limiter.vst3
[24/02/2025 19:07:20]     Skipped - C:\Program Files\Common Files\VST3\Kilohearts\kHs Nonlinear Filter.vst3
[24/02/2025 19:07:20]     Skipped - C:\Program Files\Common Files\VST3\Kilohearts\kHs Phase Distortion.vst3
[24/02/2025 19:07:20]     Skipped - C:\Program Files\Common Files\VST3\Kilohearts\kHs Phaser.vst3
[24/02/2025 19:07:20]     Skipped - C:\Program Files\Common Files\VST3\Kilohearts\kHs Pitch Shifter.vst3
[24/02/2025 19:07:20]     Skipped - C:\Program Files\Common Files\VST3\Kilohearts\kHs Resonator.vst3
[24/02/2025 19:07:20]     Skipped - C:\Program Files\Common Files\VST3\Kilohearts\kHs Reverb.vst3
[24/02/2025 19:07:20]     Skipped - C:\Program Files\Common Files\VST3\Kilohearts\kHs Reverser.vst3
[24/02/2025 19:07:20]     Skipped - C:\Program Files\Common Files\VST3\Kilohearts\kHs Ring Mod.vst3
[24/02/2025 19:07:20]     Skipped - C:\Program Files\Common Files\VST3\Kilohearts\kHs Shaper.vst3
[24/02/2025 19:07:20]     Skipped - C:\Program Files\Common Files\VST3\Kilohearts\kHs Stereo.vst3
[24/02/2025 19:07:20]     Skipped - C:\Program Files\Common Files\VST3\Kilohearts\kHs Tape Stop.vst3
[24/02/2025 19:07:20]     Skipped - C:\Program Files\Common Files\VST3\Kilohearts\kHs Trance Gate.vst3
[24/02/2025 19:07:20]     Skipped - C:\Program Files\Common Files\VST3\Kilohearts\kHs Transient Shaper.vst3
[24/02/2025 19:07:20]     Skipped - C:\Program Files\Common Files\VST3\Krush.vst3\Contents\x86_64-win\Krush.vst3
[24/02/2025 19:07:20]     Skipped - C:\Program Files\Common Files\VST3\LockOn.vst3\Contents\x86_64-win\LockOn.vst3
[24/02/2025 19:07:20]     Skipped - C:\Program Files\Common Files\VST3\PaulXStretch.vst3\Contents\x86_64-win\PaulXStretch.vst3
[24/02/2025 19:07:20]     Skipped - C:\Program Files\Common Files\VST3\sforzando.vst3\Contents\x86_64-win\sforzando.vst3
[24/02/2025 19:07:20]     Skipped - C:\Program Files\Common Files\VST3\Sitar Renaissance Windows 64-bit VST3 v1.0\Sitar Renaissance.vst3
[24/02/2025 19:07:20]     Skipped - C:\Program Files\Common Files\VST3\Sweetcase EP.vst3
[24/02/2025 19:07:20]     Skipped - C:\Program Files\Common Files\VST3\TDR Nova.vst3
[24/02/2025 19:07:20]     Skipped - C:\Program Files\Common Files\VST3\TheMasker.vst3
[24/02/2025 19:07:20]     Skipped - C:\Program Files\Common Files\VST3\uaudio_ua_1176.vst3\Contents\x86_64-win\uaudio_ua_1176.vst3
[24/02/2025 19:07:20]     Skipped - C:\Program Files\Common Files\VST3\Vinyl Crackles Generator Windows 64-bit VST3 v1.0\Vinyl Crackles Generator.vst3
[24/02/2025 19:07:20]     Add plugins to list
[24/02/2025 19:07:20]     Clean up plugin names
[24/02/2025 19:07:20]     Added new files as presets and combined - count=190
[24/02/2025 19:07:20]     Store presets
[24/02/2025 19:07:20]     Store all presets - count=190 dbpath="E:\Music\Compositions\music\FL\FL Studio\Presets\Plugin database\"
[24/02/2025 19:07:20]         Store preset "Control Surface" - effect=1
[24/02/2025 19:07:20]         Save "Control Surface": created preset file "E:\Music\Compositions\music\FL\FL Studio\Presets\Plugin database\Installed\Effects\Fruity\Control Surface.fst"
[24/02/2025 19:07:20]         Store preset "Distructor" - effect=1
[24/02/2025 19:07:20]         Save "Distructor": created preset file "E:\Music\Compositions\music\FL\FL Studio\Presets\Plugin database\Installed\Effects\Fruity\Distructor.fst"
[24/02/2025 19:07:20]         Store preset "Edison" - effect=1
[24/02/2025 19:07:20]         Save "Edison": created preset file "E:\Music\Compositions\music\FL\FL Studio\Presets\Plugin database\Installed\Effects\Fruity\Edison.fst"
[24/02/2025 19:07:20]         Store preset "Effector" - effect=1
[24/02/2025 19:07:20]         Save "Effector": created preset file "E:\Music\Compositions\music\FL\FL Studio\Presets\Plugin database\Installed\Effects\Fruity\Effector.fst"
[24/02/2025 19:07:21]         Store preset "EQUO" - effect=1
[24/02/2025 19:07:21]         Save "EQUO": created preset file "E:\Music\Compositions\music\FL\FL Studio\Presets\Plugin database\Installed\Effects\Fruity\EQUO.fst"
[24/02/2025 19:07:21]         Store preset "Fruity 7 Band EQ" - effect=1
[24/02/2025 19:07:21]         Save "Fruity 7 Band EQ": created preset file "E:\Music\Compositions\music\FL\FL Studio\Presets\Plugin database\Installed\Effects\Fruity\Fruity 7 Band EQ.fst"
[24/02/2025 19:07:21]         Store preset "Fruity Balance" - effect=1
[24/02/2025 19:07:21]         Save "Fruity Balance": created preset file "E:\Music\Compositions\music\FL\FL Studio\Presets\Plugin database\Installed\Effects\Fruity\Fruity Balance.fst"
[24/02/2025 19:07:21]         Store preset "Fruity Bass Boost" - effect=1
[24/02/2025 19:07:21]         Save "Fruity Bass Boost": created preset file "E:\Music\Compositions\music\FL\FL Studio\Presets\Plugin database\Installed\Effects\Fruity\Fruity Bass Boost.fst"
[24/02/2025 19:07:21]         Store preset "Fruity Big Clock" - effect=1
[24/02/2025 19:07:21]         Save "Fruity Big Clock": created preset file "E:\Music\Compositions\music\FL\FL Studio\Presets\Plugin database\Installed\Effects\Fruity\Fruity Big Clock.fst"
[24/02/2025 19:07:21]         Store preset "Fruity Blood Overdrive" - effect=1
[24/02/2025 19:07:21]         Save "Fruity Blood Overdrive": created preset file "E:\Music\Compositions\music\FL\FL Studio\Presets\Plugin database\Installed\Effects\Fruity\Fruity Blood Overdrive.fst"
[24/02/2025 19:07:21]         Store preset "Fruity Center" - effect=1
[24/02/2025 19:07:21]         Save "Fruity Center": created preset file "E:\Music\Compositions\music\FL\FL Studio\Presets\Plugin database\Installed\Effects\Fruity\Fruity Center.fst"
[24/02/2025 19:07:21]         Store preset "Fruity Chorus" - effect=1
[24/02/2025 19:07:21]         Save "Fruity Chorus": created preset file "E:\Music\Compositions\music\FL\FL Studio\Presets\Plugin database\Installed\Effects\Fruity\Fruity Chorus.fst"
[24/02/2025 19:07:21]         Store preset "Fruity Compressor" - effect=1
[24/02/2025 19:07:21]         Save "Fruity Compressor": created preset file "E:\Music\Compositions\music\FL\FL Studio\Presets\Plugin database\Installed\Effects\Fruity\Fruity Compressor.fst"
[24/02/2025 19:07:21]         Store preset "Fruity Convolver" - effect=1
[24/02/2025 19:07:21]         Save "Fruity Convolver": created preset file "E:\Music\Compositions\music\FL\FL Studio\Presets\Plugin database\Installed\Effects\Fruity\Fruity Convolver.fst"
[24/02/2025 19:07:21]         Store preset "Fruity dB Meter" - effect=1
[24/02/2025 19:07:21]         Save "Fruity dB Meter": created preset file "E:\Music\Compositions\music\FL\FL Studio\Presets\Plugin database\Installed\Effects\Fruity\Fruity dB Meter.fst"
[24/02/2025 19:07:21]         Store preset "Fruity Delay 2" - effect=1
[24/02/2025 19:07:21]         Save "Fruity Delay 2": created preset file "E:\Music\Compositions\music\FL\FL Studio\Presets\Plugin database\Installed\Effects\Fruity\Fruity Delay 2.fst"
[24/02/2025 19:07:21]         Store preset "Fruity Delay 3" - effect=1
[24/02/2025 19:07:21]         Save "Fruity Delay 3": created preset file "E:\Music\Compositions\music\FL\FL Studio\Presets\Plugin database\Installed\Effects\Fruity\Fruity Delay 3.fst"
[24/02/2025 19:07:21]         Store preset "Fruity Delay Bank" - effect=1
[24/02/2025 19:07:21]         Save "Fruity Delay Bank": created preset file "E:\Music\Compositions\music\FL\FL Studio\Presets\Plugin database\Installed\Effects\Fruity\Fruity Delay Bank.fst"
[24/02/2025 19:07:21]         Store preset "Fruity Delay" - effect=1
[24/02/2025 19:07:21]         Save "Fruity Delay": created preset file "E:\Music\Compositions\music\FL\FL Studio\Presets\Plugin database\Installed\Effects\Fruity\Fruity Delay.fst"
[24/02/2025 19:07:21]         Store preset "Fruity Fast Dist" - effect=1
[24/02/2025 19:07:21]         Save "Fruity Fast Dist": created preset file "E:\Music\Compositions\music\FL\FL Studio\Presets\Plugin database\Installed\Effects\Fruity\Fruity Fast Dist.fst"
[24/02/2025 19:07:21]         Store preset "Fruity Fast LP" - effect=1
[24/02/2025 19:07:21]         Save "Fruity Fast LP": created preset file "E:\Music\Compositions\music\FL\FL Studio\Presets\Plugin database\Installed\Effects\Fruity\Fruity Fast LP.fst"
[24/02/2025 19:07:21]         Store preset "Fruity Filter" - effect=1
[24/02/2025 19:07:21]         Save "Fruity Filter": created preset file "E:\Music\Compositions\music\FL\FL Studio\Presets\Plugin database\Installed\Effects\Fruity\Fruity Filter.fst"
[24/02/2025 19:07:21]         Store preset "Fruity Flanger" - effect=1
[24/02/2025 19:07:21]         Save "Fruity Flanger": created preset file "E:\Music\Compositions\music\FL\FL Studio\Presets\Plugin database\Installed\Effects\Fruity\Fruity Flanger.fst"
[24/02/2025 19:07:21]         Store preset "Fruity Flangus" - effect=1
[24/02/2025 19:07:21]         Save "Fruity Flangus": created preset file "E:\Music\Compositions\music\FL\FL Studio\Presets\Plugin database\Installed\Effects\Fruity\Fruity Flangus.fst"
[24/02/2025 19:07:21]         Store preset "Fruity Formula Controller" - effect=1
[24/02/2025 19:07:21]         Save "Fruity Formula Controller": created preset file "E:\Music\Compositions\music\FL\FL Studio\Presets\Plugin database\Installed\Effects\Fruity\Fruity Formula Controller.fst"
[24/02/2025 19:07:21]         Store preset "Fruity Free Filter" - effect=1
[24/02/2025 19:07:21]         Save "Fruity Free Filter": created preset file "E:\Music\Compositions\music\FL\FL Studio\Presets\Plugin database\Installed\Effects\Fruity\Fruity Free Filter.fst"
[24/02/2025 19:07:21]         Store preset "Fruity HTML NoteBook" - effect=1
[24/02/2025 19:07:21]         Save "Fruity HTML NoteBook": created preset file "E:\Music\Compositions\music\FL\FL Studio\Presets\Plugin database\Installed\Effects\Fruity\Fruity HTML NoteBook.fst"
[24/02/2025 19:07:21]         Store preset "Fruity Limiter" - effect=1
[24/02/2025 19:07:21]         Save "Fruity Limiter": created preset file "E:\Music\Compositions\music\FL\FL Studio\Presets\Plugin database\Installed\Effects\Fruity\Fruity Limiter.fst"
[24/02/2025 19:07:21]         Store preset "Fruity Love Philter" - effect=1
[24/02/2025 19:07:21]         Save "Fruity Love Philter": created preset file "E:\Music\Compositions\music\FL\FL Studio\Presets\Plugin database\Installed\Effects\Fruity\Fruity Love Philter.fst"
[24/02/2025 19:07:21]         Store preset "Fruity LSD" - effect=1
[24/02/2025 19:07:21]         Save "Fruity LSD": created preset file "E:\Music\Compositions\music\FL\FL Studio\Presets\Plugin database\Installed\Effects\Fruity\Fruity LSD.fst"
[24/02/2025 19:07:21]         Store preset "Fruity Multiband Compressor" - effect=1
[24/02/2025 19:07:21]         Save "Fruity Multiband Compressor": created preset file "E:\Music\Compositions\music\FL\FL Studio\Presets\Plugin database\Installed\Effects\Fruity\Fruity Multiband Compressor.fst"
[24/02/2025 19:07:21]         Store preset "Fruity Mute 2" - effect=1
[24/02/2025 19:07:21]         Save "Fruity Mute 2": created preset file "E:\Music\Compositions\music\FL\FL Studio\Presets\Plugin database\Installed\Effects\Fruity\Fruity Mute 2.fst"
[24/02/2025 19:07:21]         Store preset "Fruity NoteBook 2" - effect=1
[24/02/2025 19:07:21]         Save "Fruity NoteBook 2": created preset file "E:\Music\Compositions\music\FL\FL Studio\Presets\Plugin database\Installed\Effects\Fruity\Fruity NoteBook 2.fst"
[24/02/2025 19:07:21]         Store preset "Fruity NoteBook" - effect=1
[24/02/2025 19:07:21]         Save "Fruity NoteBook": created preset file "E:\Music\Compositions\music\FL\FL Studio\Presets\Plugin database\Installed\Effects\Fruity\Fruity NoteBook.fst"
[24/02/2025 19:07:21]         Store preset "Fruity PanOMatic" - effect=1
[24/02/2025 19:07:21]         Save "Fruity PanOMatic": created preset file "E:\Music\Compositions\music\FL\FL Studio\Presets\Plugin database\Installed\Effects\Fruity\Fruity PanOMatic.fst"
[24/02/2025 19:07:21]         Store preset "Fruity Parametric EQ 2" - effect=1
[24/02/2025 19:07:21]         Save "Fruity Parametric EQ 2": created preset file "E:\Music\Compositions\music\FL\FL Studio\Presets\Plugin database\Installed\Effects\Fruity\Fruity Parametric EQ 2.fst"
[24/02/2025 19:07:21]         Store preset "Fruity Parametric EQ" - effect=1
[24/02/2025 19:07:21]         Save "Fruity Parametric EQ": created preset file "E:\Music\Compositions\music\FL\FL Studio\Presets\Plugin database\Installed\Effects\Fruity\Fruity Parametric EQ.fst"
[24/02/2025 19:07:21]         Store preset "Fruity Peak Controller" - effect=1
[24/02/2025 19:07:21]         Save "Fruity Peak Controller": created preset file "E:\Music\Compositions\music\FL\FL Studio\Presets\Plugin database\Installed\Effects\Fruity\Fruity Peak Controller.fst"
[24/02/2025 19:07:21]         Store preset "Fruity Phase Inverter" - effect=1
[24/02/2025 19:07:21]         Save "Fruity Phase Inverter": created preset file "E:\Music\Compositions\music\FL\FL Studio\Presets\Plugin database\Installed\Effects\Fruity\Fruity Phase Inverter.fst"
[24/02/2025 19:07:21]         Store preset "Fruity Phaser" - effect=1
[24/02/2025 19:07:21]         Save "Fruity Phaser": created preset file "E:\Music\Compositions\music\FL\FL Studio\Presets\Plugin database\Installed\Effects\Fruity\Fruity Phaser.fst"
[24/02/2025 19:07:21]         Store preset "Fruity Reeverb 2" - effect=1
[24/02/2025 19:07:21]         Save "Fruity Reeverb 2": created preset file "E:\Music\Compositions\music\FL\FL Studio\Presets\Plugin database\Installed\Effects\Fruity\Fruity Reeverb 2.fst"
[24/02/2025 19:07:21]         Store preset "Fruity Reeverb" - effect=1
[24/02/2025 19:07:21]         Save "Fruity Reeverb": created preset file "E:\Music\Compositions\music\FL\FL Studio\Presets\Plugin database\Installed\Effects\Fruity\Fruity Reeverb.fst"
[24/02/2025 19:07:21]         Store preset "Fruity Scratcher" - effect=1
[24/02/2025 19:07:21]         Save "Fruity Scratcher": created preset file "E:\Music\Compositions\music\FL\FL Studio\Presets\Plugin database\Installed\Effects\Fruity\Fruity Scratcher.fst"
[24/02/2025 19:07:21]         Store preset "Fruity Send" - effect=1
[24/02/2025 19:07:21]         Save "Fruity Send": created preset file "E:\Music\Compositions\music\FL\FL Studio\Presets\Plugin database\Installed\Effects\Fruity\Fruity Send.fst"
[24/02/2025 19:07:21]         Store preset "Fruity Soft Clipper" - effect=1
[24/02/2025 19:07:21]         Save "Fruity Soft Clipper": created preset file "E:\Music\Compositions\music\FL\FL Studio\Presets\Plugin database\Installed\Effects\Fruity\Fruity Soft Clipper.fst"
[24/02/2025 19:07:21]         Store preset "Fruity Spectroman" - effect=1
[24/02/2025 19:07:21]         Save "Fruity Spectroman": created preset file "E:\Music\Compositions\music\FL\FL Studio\Presets\Plugin database\Installed\Effects\Fruity\Fruity Spectroman.fst"
[24/02/2025 19:07:21]         Store preset "Fruity Squeeze" - effect=1
[24/02/2025 19:07:21]         Save "Fruity Squeeze": created preset file "E:\Music\Compositions\music\FL\FL Studio\Presets\Plugin database\Installed\Effects\Fruity\Fruity Squeeze.fst"
[24/02/2025 19:07:21]         Store preset "Fruity Stereo Enhancer" - effect=1
[24/02/2025 19:07:21]         Save "Fruity Stereo Enhancer": created preset file "E:\Music\Compositions\music\FL\FL Studio\Presets\Plugin database\Installed\Effects\Fruity\Fruity Stereo Enhancer.fst"
[24/02/2025 19:07:21]         Store preset "Fruity Stereo Shaper" - effect=1
[24/02/2025 19:07:21]         Save "Fruity Stereo Shaper": created preset file "E:\Music\Compositions\music\FL\FL Studio\Presets\Plugin database\Installed\Effects\Fruity\Fruity Stereo Shaper.fst"
[24/02/2025 19:07:21]         Store preset "Fruity Vocoder" - effect=1
[24/02/2025 19:07:21]         Save "Fruity Vocoder": created preset file "E:\Music\Compositions\music\FL\FL Studio\Presets\Plugin database\Installed\Effects\Fruity\Fruity Vocoder.fst"
[24/02/2025 19:07:21]         Store preset "Fruity WaveShaper" - effect=1
[24/02/2025 19:07:21]         Save "Fruity WaveShaper": created preset file "E:\Music\Compositions\music\FL\FL Studio\Presets\Plugin database\Installed\Effects\Fruity\Fruity WaveShaper.fst"
[24/02/2025 19:07:21]         Store preset "Fruity Wrapper" - effect=1
[24/02/2025 19:07:21]         Save "Fruity Wrapper": created preset file "E:\Music\Compositions\music\FL\FL Studio\Presets\Plugin database\Installed\Effects\Fruity\Fruity Wrapper.fst"
[24/02/2025 19:07:21]         Store preset "Fruity X-Y Controller" - effect=1
[24/02/2025 19:07:21]         Save "Fruity X-Y Controller": created preset file "E:\Music\Compositions\music\FL\FL Studio\Presets\Plugin database\Installed\Effects\Fruity\Fruity X-Y Controller.fst"
[24/02/2025 19:07:21]         Store preset "Fruity X-Y-Z Controller" - effect=1
[24/02/2025 19:07:21]         Save "Fruity X-Y-Z Controller": created preset file "E:\Music\Compositions\music\FL\FL Studio\Presets\Plugin database\Installed\Effects\Fruity\Fruity X-Y-Z Controller.fst"
[24/02/2025 19:07:21]         Store preset "Gross Beat" - effect=1
[24/02/2025 19:07:21]         Save "Gross Beat": created preset file "E:\Music\Compositions\music\FL\FL Studio\Presets\Plugin database\Installed\Effects\Fruity\Gross Beat.fst"
[24/02/2025 19:07:21]         Store preset "Hardcore" - effect=1
[24/02/2025 19:07:21]         Save "Hardcore": created preset file "E:\Music\Compositions\music\FL\FL Studio\Presets\Plugin database\Installed\Effects\Fruity\Hardcore.fst"
[24/02/2025 19:07:21]         Store preset "Maximus" - effect=1
[24/02/2025 19:07:21]         Save "Maximus": created preset file "E:\Music\Compositions\music\FL\FL Studio\Presets\Plugin database\Installed\Effects\Fruity\Maximus.fst"
[24/02/2025 19:07:21]         Store preset "Newtime" - effect=1
[24/02/2025 19:07:21]         Save "Newtime": created preset file "E:\Music\Compositions\music\FL\FL Studio\Presets\Plugin database\Installed\Effects\Fruity\Newtime.fst"
[24/02/2025 19:07:21]         Store preset "Newtone" - effect=1
[24/02/2025 19:07:21]         Save "Newtone": created preset file "E:\Music\Compositions\music\FL\FL Studio\Presets\Plugin database\Installed\Effects\Fruity\Newtone.fst"
[24/02/2025 19:07:21]         Store preset "Patcher" - effect=1
[24/02/2025 19:07:21]         Save "Patcher": created preset file "E:\Music\Compositions\music\FL\FL Studio\Presets\Plugin database\Installed\Effects\Fruity\Patcher.fst"
[24/02/2025 19:07:21]         Store preset "Pitcher" - effect=1
[24/02/2025 19:07:21]         Save "Pitcher": created preset file "E:\Music\Compositions\music\FL\FL Studio\Presets\Plugin database\Installed\Effects\Fruity\Pitcher.fst"
[24/02/2025 19:07:21]         Store preset "Razer Chroma" - effect=1
[24/02/2025 19:07:21]         Save "Razer Chroma": created preset file "E:\Music\Compositions\music\FL\FL Studio\Presets\Plugin database\Installed\Effects\Fruity\Razer Chroma.fst"
[24/02/2025 19:07:21]         Store preset "Soundgoodizer" - effect=1
[24/02/2025 19:07:21]         Save "Soundgoodizer": created preset file "E:\Music\Compositions\music\FL\FL Studio\Presets\Plugin database\Installed\Effects\Fruity\Soundgoodizer.fst"
[24/02/2025 19:07:21]         Store preset "Transient Processor" - effect=1
[24/02/2025 19:07:21]         Save "Transient Processor": created preset file "E:\Music\Compositions\music\FL\FL Studio\Presets\Plugin database\Installed\Effects\Fruity\Transient Processor.fst"
[24/02/2025 19:07:21]         Store preset "VFX Color Mapper" - effect=1
[24/02/2025 19:07:21]         Save "VFX Color Mapper": created preset file "E:\Music\Compositions\music\FL\FL Studio\Presets\Plugin database\Installed\Effects\Fruity\VFX Color Mapper.fst"
[24/02/2025 19:07:21]         Store preset "VFX Key Mapper" - effect=1
[24/02/2025 19:07:21]         Save "VFX Key Mapper": created preset file "E:\Music\Compositions\music\FL\FL Studio\Presets\Plugin database\Installed\Effects\Fruity\VFX Key Mapper.fst"
[24/02/2025 19:07:21]         Store preset "VFX Keyboard Splitter" - effect=1
[24/02/2025 19:07:21]         Save "VFX Keyboard Splitter": created preset file "E:\Music\Compositions\music\FL\FL Studio\Presets\Plugin database\Installed\Effects\Fruity\VFX Keyboard Splitter.fst"
[24/02/2025 19:07:21]         Store preset "VFX Level Scaler" - effect=1
[24/02/2025 19:07:21]         Save "VFX Level Scaler": created preset file "E:\Music\Compositions\music\FL\FL Studio\Presets\Plugin database\Installed\Effects\Fruity\VFX Level Scaler.fst"
[24/02/2025 19:07:21]         Store preset "Vocodex" - effect=1
[24/02/2025 19:07:21]         Save "Vocodex": created preset file "E:\Music\Compositions\music\FL\FL Studio\Presets\Plugin database\Installed\Effects\Fruity\Vocodex.fst"
[24/02/2025 19:07:21]         Store preset "Wave Candy" - effect=1
[24/02/2025 19:07:21]         Save "Wave Candy": created preset file "E:\Music\Compositions\music\FL\FL Studio\Presets\Plugin database\Installed\Effects\Fruity\Wave Candy.fst"
[24/02/2025 19:07:21]         Store preset "ZGameEditor Visualizer" - effect=1
[24/02/2025 19:07:21]         Save "ZGameEditor Visualizer": created preset file "E:\Music\Compositions\music\FL\FL Studio\Presets\Plugin database\Installed\Effects\Fruity\ZGameEditor Visualizer.fst"
[24/02/2025 19:07:21]         Store preset "kHs 3-Band EQ" - effect=1
[24/02/2025 19:07:21]         Save "kHs 3-Band EQ": created preset file "E:\Music\Compositions\music\FL\FL Studio\Presets\Plugin database\Installed\Effects\VST3\kHs 3-Band EQ.fst"
[24/02/2025 19:07:21]         Store preset "kHs Bitcrush" - effect=1
[24/02/2025 19:07:21]         Save "kHs Bitcrush": created preset file "E:\Music\Compositions\music\FL\FL Studio\Presets\Plugin database\Installed\Effects\VST3\kHs Bitcrush.fst"
[24/02/2025 19:07:21]         Store preset "kHs Channel Mixer" - effect=1
[24/02/2025 19:07:21]         Save "kHs Channel Mixer": created preset file "E:\Music\Compositions\music\FL\FL Studio\Presets\Plugin database\Installed\Effects\VST3\kHs Channel Mixer.fst"
[24/02/2025 19:07:21]         Store preset "kHs Chorus" - effect=1
[24/02/2025 19:07:21]         Save "kHs Chorus": created preset file "E:\Music\Compositions\music\FL\FL Studio\Presets\Plugin database\Installed\Effects\VST3\kHs Chorus.fst"
[24/02/2025 19:07:21]         Store preset "kHs Comb Filter" - effect=1
[24/02/2025 19:07:21]         Save "kHs Comb Filter": created preset file "E:\Music\Compositions\music\FL\FL Studio\Presets\Plugin database\Installed\Effects\VST3\kHs Comb Filter.fst"
[24/02/2025 19:07:21]         Store preset "kHs Compressor" - effect=1
[24/02/2025 19:07:21]         Save "kHs Compressor": created preset file "E:\Music\Compositions\music\FL\FL Studio\Presets\Plugin database\Installed\Effects\VST3\kHs Compressor.fst"
[24/02/2025 19:07:21]         Store preset "kHs Delay" - effect=1
[24/02/2025 19:07:21]         Save "kHs Delay": created preset file "E:\Music\Compositions\music\FL\FL Studio\Presets\Plugin database\Installed\Effects\VST3\kHs Delay.fst"
[24/02/2025 19:07:21]         Store preset "kHs Distortion" - effect=1
[24/02/2025 19:07:21]         Save "kHs Distortion": created preset file "E:\Music\Compositions\music\FL\FL Studio\Presets\Plugin database\Installed\Effects\VST3\kHs Distortion.fst"
[24/02/2025 19:07:21]         Store preset "kHs Dual Delay" - effect=1
[24/02/2025 19:07:21]         Save "kHs Dual Delay": created preset file "E:\Music\Compositions\music\FL\FL Studio\Presets\Plugin database\Installed\Effects\VST3\kHs Dual Delay.fst"
[24/02/2025 19:07:21]         Store preset "kHs Dynamics" - effect=1
[24/02/2025 19:07:21]         Save "kHs Dynamics": created preset file "E:\Music\Compositions\music\FL\FL Studio\Presets\Plugin database\Installed\Effects\VST3\kHs Dynamics.fst"
[24/02/2025 19:07:21]         Store preset "kHs Ensemble" - effect=1
[24/02/2025 19:07:21]         Save "kHs Ensemble": created preset file "E:\Music\Compositions\music\FL\FL Studio\Presets\Plugin database\Installed\Effects\VST3\kHs Ensemble.fst"
[24/02/2025 19:07:21]         Store preset "kHs Filter" - effect=1
[24/02/2025 19:07:21]         Save "kHs Filter": created preset file "E:\Music\Compositions\music\FL\FL Studio\Presets\Plugin database\Installed\Effects\VST3\kHs Filter.fst"
[24/02/2025 19:07:21]         Store preset "kHs Flanger" - effect=1
[24/02/2025 19:07:21]         Save "kHs Flanger": created preset file "E:\Music\Compositions\music\FL\FL Studio\Presets\Plugin database\Installed\Effects\VST3\kHs Flanger.fst"
[24/02/2025 19:07:21]         Store preset "kHs Formant Filter" - effect=1
[24/02/2025 19:07:21]         Save "kHs Formant Filter": created preset file "E:\Music\Compositions\music\FL\FL Studio\Presets\Plugin database\Installed\Effects\VST3\kHs Formant Filter.fst"
[24/02/2025 19:07:21]         Store preset "kHs Frequency Shifter" - effect=1
[24/02/2025 19:07:21]         Save "kHs Frequency Shifter": created preset file "E:\Music\Compositions\music\FL\FL Studio\Presets\Plugin database\Installed\Effects\VST3\kHs Frequency Shifter.fst"
[24/02/2025 19:07:21]         Store preset "kHs Gain" - effect=1
[24/02/2025 19:07:21]         Save "kHs Gain": created preset file "E:\Music\Compositions\music\FL\FL Studio\Presets\Plugin database\Installed\Effects\VST3\kHs Gain.fst"
[24/02/2025 19:07:21]         Store preset "kHs Gate" - effect=1
[24/02/2025 19:07:21]         Save "kHs Gate": created preset file "E:\Music\Compositions\music\FL\FL Studio\Presets\Plugin database\Installed\Effects\VST3\kHs Gate.fst"
[24/02/2025 19:07:21]         Store preset "kHs Haas" - effect=1
[24/02/2025 19:07:21]         Save "kHs Haas": created preset file "E:\Music\Compositions\music\FL\FL Studio\Presets\Plugin database\Installed\Effects\VST3\kHs Haas.fst"
[24/02/2025 19:07:21]         Store preset "kHs Ladder Filter" - effect=1
[24/02/2025 19:07:21]         Save "kHs Ladder Filter": created preset file "E:\Music\Compositions\music\FL\FL Studio\Presets\Plugin database\Installed\Effects\VST3\kHs Ladder Filter.fst"
[24/02/2025 19:07:21]         Store preset "kHs Limiter" - effect=1
[24/02/2025 19:07:21]         Save "kHs Limiter": created preset file "E:\Music\Compositions\music\FL\FL Studio\Presets\Plugin database\Installed\Effects\VST3\kHs Limiter.fst"
[24/02/2025 19:07:21]         Store preset "kHs Nonlinear Filter" - effect=1
[24/02/2025 19:07:21]         Save "kHs Nonlinear Filter": created preset file "E:\Music\Compositions\music\FL\FL Studio\Presets\Plugin database\Installed\Effects\VST3\kHs Nonlinear Filter.fst"
[24/02/2025 19:07:21]         Store preset "kHs Phase Distortion" - effect=1
[24/02/2025 19:07:21]         Save "kHs Phase Distortion": created preset file "E:\Music\Compositions\music\FL\FL Studio\Presets\Plugin database\Installed\Effects\VST3\kHs Phase Distortion.fst"
[24/02/2025 19:07:21]         Store preset "kHs Phaser" - effect=1
[24/02/2025 19:07:21]         Save "kHs Phaser": created preset file "E:\Music\Compositions\music\FL\FL Studio\Presets\Plugin database\Installed\Effects\VST3\kHs Phaser.fst"
[24/02/2025 19:07:21]         Store preset "kHs Pitch Shifter" - effect=1
[24/02/2025 19:07:21]         Save "kHs Pitch Shifter": created preset file "E:\Music\Compositions\music\FL\FL Studio\Presets\Plugin database\Installed\Effects\VST3\kHs Pitch Shifter.fst"
[24/02/2025 19:07:21]         Store preset "kHs Resonator" - effect=1
[24/02/2025 19:07:21]         Save "kHs Resonator": created preset file "E:\Music\Compositions\music\FL\FL Studio\Presets\Plugin database\Installed\Effects\VST3\kHs Resonator.fst"
[24/02/2025 19:07:21]         Store preset "kHs Reverb" - effect=1
[24/02/2025 19:07:21]         Save "kHs Reverb": created preset file "E:\Music\Compositions\music\FL\FL Studio\Presets\Plugin database\Installed\Effects\VST3\kHs Reverb.fst"
[24/02/2025 19:07:21]         Store preset "kHs Reverser" - effect=1
[24/02/2025 19:07:21]         Save "kHs Reverser": created preset file "E:\Music\Compositions\music\FL\FL Studio\Presets\Plugin database\Installed\Effects\VST3\kHs Reverser.fst"
[24/02/2025 19:07:21]         Store preset "kHs Ring Mod" - effect=1
[24/02/2025 19:07:21]         Save "kHs Ring Mod": created preset file "E:\Music\Compositions\music\FL\FL Studio\Presets\Plugin database\Installed\Effects\VST3\kHs Ring Mod.fst"
[24/02/2025 19:07:21]         Store preset "kHs Shaper" - effect=1
[24/02/2025 19:07:21]         Save "kHs Shaper": created preset file "E:\Music\Compositions\music\FL\FL Studio\Presets\Plugin database\Installed\Effects\VST3\kHs Shaper.fst"
[24/02/2025 19:07:21]         Store preset "kHs Stereo" - effect=1
[24/02/2025 19:07:21]         Save "kHs Stereo": created preset file "E:\Music\Compositions\music\FL\FL Studio\Presets\Plugin database\Installed\Effects\VST3\kHs Stereo.fst"
[24/02/2025 19:07:21]         Store preset "kHs Tape Stop" - effect=1
[24/02/2025 19:07:21]         Save "kHs Tape Stop": created preset file "E:\Music\Compositions\music\FL\FL Studio\Presets\Plugin database\Installed\Effects\VST3\kHs Tape Stop.fst"
[24/02/2025 19:07:21]         Store preset "kHs Trance Gate" - effect=1
[24/02/2025 19:07:21]         Save "kHs Trance Gate": created preset file "E:\Music\Compositions\music\FL\FL Studio\Presets\Plugin database\Installed\Effects\VST3\kHs Trance Gate.fst"
[24/02/2025 19:07:21]         Store preset "kHs Transient Shaper" - effect=1
[24/02/2025 19:07:21]         Save "kHs Transient Shaper": created preset file "E:\Music\Compositions\music\FL\FL Studio\Presets\Plugin database\Installed\Effects\VST3\kHs Transient Shaper.fst"
[24/02/2025 19:07:21]         Store preset "Krush" - effect=1
[24/02/2025 19:07:21]         Save "Krush": created preset file "E:\Music\Compositions\music\FL\FL Studio\Presets\Plugin database\Installed\Effects\VST3\Krush.fst"
[24/02/2025 19:07:21]         Store preset "LockOn" - effect=1
[24/02/2025 19:07:21]         Save "LockOn": created preset file "E:\Music\Compositions\music\FL\FL Studio\Presets\Plugin database\Installed\Effects\VST3\LockOn.fst"
[24/02/2025 19:07:21]         Store preset "Melodyne" - effect=1
[24/02/2025 19:07:21]         Save "Melodyne": created preset file "E:\Music\Compositions\music\FL\FL Studio\Presets\Plugin database\Installed\Effects\VST3\Melodyne.fst"
[24/02/2025 19:07:21]         Store preset "PaulXStretch" - effect=1
[24/02/2025 19:07:21]         Save "PaulXStretch": created preset file "E:\Music\Compositions\music\FL\FL Studio\Presets\Plugin database\Installed\Effects\VST3\PaulXStretch.fst"
[24/02/2025 19:07:21]         Store preset "TDR Nova" - effect=1
[24/02/2025 19:07:21]         Save "TDR Nova": created preset file "E:\Music\Compositions\music\FL\FL Studio\Presets\Plugin database\Installed\Effects\VST3\TDR Nova.fst"
[24/02/2025 19:07:21]         Store preset "TheMasker" - effect=1
[24/02/2025 19:07:21]         Save "TheMasker": created preset file "E:\Music\Compositions\music\FL\FL Studio\Presets\Plugin database\Installed\Effects\VST3\TheMasker.fst"
[24/02/2025 19:07:21]         Store preset "UADx 1176 FET Compressor" - effect=1
[24/02/2025 19:07:21]         Save "UADx 1176 FET Compressor": created preset file "E:\Music\Compositions\music\FL\FL Studio\Presets\Plugin database\Installed\Effects\VST3\UADx 1176 FET Compressor.fst"
[24/02/2025 19:07:21]         Store preset "CamelCrusher" - effect=1
[24/02/2025 19:07:21]         Save "CamelCrusher": created preset file "E:\Music\Compositions\music\FL\FL Studio\Presets\Plugin database\Installed\Effects\VST\CamelCrusher.fst"
[24/02/2025 19:07:21]         Store preset "Powershaper" - effect=1
[24/02/2025 19:07:21]         Save "Powershaper": created preset file "E:\Music\Compositions\music\FL\FL Studio\Presets\Plugin database\Installed\Effects\VST\Powershaper.fst"
[24/02/2025 19:07:21]         Store preset "SPAN" - effect=1
[24/02/2025 19:07:21]         Save "SPAN": created preset file "E:\Music\Compositions\music\FL\FL Studio\Presets\Plugin database\Installed\Effects\VST\SPAN.fst"
[24/02/2025 19:07:21]         Store preset "Youlean Loudness Meter 2" - effect=1
[24/02/2025 19:07:21]         Save "Youlean Loudness Meter 2": created preset file "E:\Music\Compositions\music\FL\FL Studio\Presets\Plugin database\Installed\Effects\VST\Youlean Loudness Meter 2.fst"
[24/02/2025 19:07:21]         Store preset "3x Osc" - effect=0
[24/02/2025 19:07:21]         Save "3x Osc": created preset file "E:\Music\Compositions\music\FL\FL Studio\Presets\Plugin database\Installed\Generators\Fruity\3x Osc.fst"
[24/02/2025 19:07:21]         Store preset "Autogun" - effect=0
[24/02/2025 19:07:21]         Save "Autogun": created preset file "E:\Music\Compositions\music\FL\FL Studio\Presets\Plugin database\Installed\Generators\Fruity\Autogun.fst"
[24/02/2025 19:07:21]         Store preset "BassDrum" - effect=0
[24/02/2025 19:07:21]         Save "BassDrum": created preset file "E:\Music\Compositions\music\FL\FL Studio\Presets\Plugin database\Installed\Generators\Fruity\BassDrum.fst"
[24/02/2025 19:07:21]         Store preset "BeepMap" - effect=0
[24/02/2025 19:07:21]         Save "BeepMap": created preset file "E:\Music\Compositions\music\FL\FL Studio\Presets\Plugin database\Installed\Generators\Fruity\BeepMap.fst"
[24/02/2025 19:07:21]         Store preset "BooBass" - effect=0
[24/02/2025 19:07:21]         Save "BooBass": created preset file "E:\Music\Compositions\music\FL\FL Studio\Presets\Plugin database\Installed\Generators\Fruity\BooBass.fst"
[24/02/2025 19:07:21]         Store preset "Dashboard" - effect=0
[24/02/2025 19:07:21]         Save "Dashboard": created preset file "E:\Music\Compositions\music\FL\FL Studio\Presets\Plugin database\Installed\Generators\Fruity\Dashboard.fst"
[24/02/2025 19:07:21]         Store preset "DirectWave" - effect=0
[24/02/2025 19:07:21]         Save "DirectWave": created preset file "E:\Music\Compositions\music\FL\FL Studio\Presets\Plugin database\Installed\Generators\Fruity\DirectWave.fst"
[24/02/2025 19:07:21]         Store preset "Drumaxx" - effect=0
[24/02/2025 19:07:21]         Save "Drumaxx": created preset file "E:\Music\Compositions\music\FL\FL Studio\Presets\Plugin database\Installed\Generators\Fruity\Drumaxx.fst"
[24/02/2025 19:07:21]         Store preset "Drumpad" - effect=0
[24/02/2025 19:07:21]         Save "Drumpad": created preset file "E:\Music\Compositions\music\FL\FL Studio\Presets\Plugin database\Installed\Generators\Fruity\Drumpad.fst"
[24/02/2025 19:07:21]         Store preset "FL Keys" - effect=0
[24/02/2025 19:07:21]         Save "FL Keys": created preset file "E:\Music\Compositions\music\FL\FL Studio\Presets\Plugin database\Installed\Generators\Fruity\FL Keys.fst"
[24/02/2025 19:07:21]         Store preset "FL Slayer" - effect=0
[24/02/2025 19:07:21]         Save "FL Slayer": created preset file "E:\Music\Compositions\music\FL\FL Studio\Presets\Plugin database\Installed\Generators\Fruity\FL Slayer.fst"
[24/02/2025 19:07:21]         Store preset "FL Studio Mobile" - effect=0
[24/02/2025 19:07:21]         Save "FL Studio Mobile": created preset file "E:\Music\Compositions\music\FL\FL Studio\Presets\Plugin database\Installed\Generators\Fruity\FL Studio Mobile.fst"
[24/02/2025 19:07:21]         Store preset "FLEX" - effect=0
[24/02/2025 19:07:21]         Save "FLEX": created preset file "E:\Music\Compositions\music\FL\FL Studio\Presets\Plugin database\Installed\Generators\Fruity\FLEX.fst"
[24/02/2025 19:07:21]         Store preset "FPC" - effect=0
[24/02/2025 19:07:21]         Save "FPC": created preset file "E:\Music\Compositions\music\FL\FL Studio\Presets\Plugin database\Installed\Generators\Fruity\FPC.fst"
[24/02/2025 19:07:21]         Store preset "Fruit Kick" - effect=0
[24/02/2025 19:07:21]         Save "Fruit Kick": created preset file "E:\Music\Compositions\music\FL\FL Studio\Presets\Plugin database\Installed\Generators\Fruity\Fruit Kick.fst"
[24/02/2025 19:07:21]         Store preset "Fruity Dance" - effect=0
[24/02/2025 19:07:21]         Save "Fruity Dance": created preset file "E:\Music\Compositions\music\FL\FL Studio\Presets\Plugin database\Installed\Generators\Fruity\Fruity Dance.fst"
[24/02/2025 19:07:21]         Store preset "Fruity DrumSynth Live" - effect=0
[24/02/2025 19:07:21]         Save "Fruity DrumSynth Live": created preset file "E:\Music\Compositions\music\FL\FL Studio\Presets\Plugin database\Installed\Generators\Fruity\Fruity DrumSynth Live.fst"
[24/02/2025 19:07:21]         Store preset "Fruity DX10" - effect=0
[24/02/2025 19:07:21]         Save "Fruity DX10": created preset file "E:\Music\Compositions\music\FL\FL Studio\Presets\Plugin database\Installed\Generators\Fruity\Fruity DX10.fst"
[24/02/2025 19:07:21]         Store preset "Fruity Envelope Controller" - effect=0
[24/02/2025 19:07:21]         Save "Fruity Envelope Controller": created preset file "E:\Music\Compositions\music\FL\FL Studio\Presets\Plugin database\Installed\Generators\Fruity\Fruity Envelope Controller.fst"
[24/02/2025 19:07:21]         Store preset "Fruity Granulizer" - effect=0
[24/02/2025 19:07:21]         Save "Fruity Granulizer": created preset file "E:\Music\Compositions\music\FL\FL Studio\Presets\Plugin database\Installed\Generators\Fruity\Fruity Granulizer.fst"
[24/02/2025 19:07:21]         Store preset "Fruity Keyboard Controller" - effect=0
[24/02/2025 19:07:21]         Save "Fruity Keyboard Controller": created preset file "E:\Music\Compositions\music\FL\FL Studio\Presets\Plugin database\Installed\Generators\Fruity\Fruity Keyboard Controller.fst"
[24/02/2025 19:07:21]         Store preset "Fruity Slicer" - effect=0
[24/02/2025 19:07:21]         Save "Fruity Slicer": created preset file "E:\Music\Compositions\music\FL\FL Studio\Presets\Plugin database\Installed\Generators\Fruity\Fruity Slicer.fst"
[24/02/2025 19:07:21]         Store preset "Fruity Soundfont Player" - effect=0
[24/02/2025 19:07:21]         Save "Fruity Soundfont Player": created preset file "E:\Music\Compositions\music\FL\FL Studio\Presets\Plugin database\Installed\Generators\Fruity\Fruity Soundfont Player.fst"
[24/02/2025 19:07:21]         Store preset "Fruity Video Player" - effect=0
[24/02/2025 19:07:21]         Save "Fruity Video Player": created preset file "E:\Music\Compositions\music\FL\FL Studio\Presets\Plugin database\Installed\Generators\Fruity\Fruity Video Player.fst"
[24/02/2025 19:07:21]         Store preset "Fruity Voltage Controller" - effect=0
[24/02/2025 19:07:21]         Save "Fruity Voltage Controller": created preset file "E:\Music\Compositions\music\FL\FL Studio\Presets\Plugin database\Installed\Generators\Fruity\Fruity Voltage Controller.fst"
[24/02/2025 19:07:21]         Store preset "Fruity Wrapper" - effect=0
[24/02/2025 19:07:21]         Save "Fruity Wrapper": created preset file "E:\Music\Compositions\music\FL\FL Studio\Presets\Plugin database\Installed\Generators\Fruity\Fruity Wrapper.fst"
[24/02/2025 19:07:21]         Store preset "GMS" - effect=0
[24/02/2025 19:07:21]         Save "GMS": created preset file "E:\Music\Compositions\music\FL\FL Studio\Presets\Plugin database\Installed\Generators\Fruity\GMS.fst"
[24/02/2025 19:07:21]         Store preset "Harmless" - effect=0
[24/02/2025 19:07:21]         Save "Harmless": created preset file "E:\Music\Compositions\music\FL\FL Studio\Presets\Plugin database\Installed\Generators\Fruity\Harmless.fst"
[24/02/2025 19:07:21]         Store preset "Harmor" - effect=0
[24/02/2025 19:07:21]         Save "Harmor": created preset file "E:\Music\Compositions\music\FL\FL Studio\Presets\Plugin database\Installed\Generators\Fruity\Harmor.fst"
[24/02/2025 19:07:21]         Store preset "MIDI Out" - effect=0
[24/02/2025 19:07:21]         Save "MIDI Out": created preset file "E:\Music\Compositions\music\FL\FL Studio\Presets\Plugin database\Installed\Generators\Fruity\MIDI Out.fst"
[24/02/2025 19:07:21]         Store preset "MiniSynth" - effect=0
[24/02/2025 19:07:21]         Save "MiniSynth": created preset file "E:\Music\Compositions\music\FL\FL Studio\Presets\Plugin database\Installed\Generators\Fruity\MiniSynth.fst"
[24/02/2025 19:07:21]         Store preset "Morphine" - effect=0
[24/02/2025 19:07:21]         Save "Morphine": created preset file "E:\Music\Compositions\music\FL\FL Studio\Presets\Plugin database\Installed\Generators\Fruity\Morphine.fst"
[24/02/2025 19:07:21]         Store preset "Ogun" - effect=0
[24/02/2025 19:07:21]         Save "Ogun": created preset file "E:\Music\Compositions\music\FL\FL Studio\Presets\Plugin database\Installed\Generators\Fruity\Ogun.fst"
[24/02/2025 19:07:21]         Store preset "Patcher" - effect=0
[24/02/2025 19:07:21]         Save "Patcher": created preset file "E:\Music\Compositions\music\FL\FL Studio\Presets\Plugin database\Installed\Generators\Fruity\Patcher.fst"
[24/02/2025 19:07:21]         Store preset "Plucked!" - effect=0
[24/02/2025 19:07:21]         Save "Plucked!": created preset file "E:\Music\Compositions\music\FL\FL Studio\Presets\Plugin database\Installed\Generators\Fruity\Plucked!.fst"
[24/02/2025 19:07:21]         Store preset "PoiZone" - effect=0
[24/02/2025 19:07:21]         Save "PoiZone": created preset file "E:\Music\Compositions\music\FL\FL Studio\Presets\Plugin database\Installed\Generators\Fruity\PoiZone.fst"
[24/02/2025 19:07:21]         Store preset "ReWired" - effect=0
[24/02/2025 19:07:21]         Save "ReWired": created preset file "E:\Music\Compositions\music\FL\FL Studio\Presets\Plugin database\Installed\Generators\Fruity\ReWired.fst"
[24/02/2025 19:07:21]         Store preset "Sakura" - effect=0
[24/02/2025 19:07:21]         Save "Sakura": created preset file "E:\Music\Compositions\music\FL\FL Studio\Presets\Plugin database\Installed\Generators\Fruity\Sakura.fst"
[24/02/2025 19:07:21]         Store preset "Sawer" - effect=0
[24/02/2025 19:07:21]         Save "Sawer": created preset file "E:\Music\Compositions\music\FL\FL Studio\Presets\Plugin database\Installed\Generators\Fruity\Sawer.fst"
[24/02/2025 19:07:21]         Store preset "SimSynth" - effect=0
[24/02/2025 19:07:21]         Save "SimSynth": created preset file "E:\Music\Compositions\music\FL\FL Studio\Presets\Plugin database\Installed\Generators\Fruity\SimSynth.fst"
[24/02/2025 19:07:21]         Store preset "Slicex" - effect=0
[24/02/2025 19:07:21]         Save "Slicex": created preset file "E:\Music\Compositions\music\FL\FL Studio\Presets\Plugin database\Installed\Generators\Fruity\Slicex.fst"
[24/02/2025 19:07:21]         Store preset "Sytrus" - effect=0
[24/02/2025 19:07:21]         Save "Sytrus": created preset file "E:\Music\Compositions\music\FL\FL Studio\Presets\Plugin database\Installed\Generators\Fruity\Sytrus.fst"
[24/02/2025 19:07:21]         Store preset "Toxic Biohazard" - effect=0
[24/02/2025 19:07:21]         Save "Toxic Biohazard": created preset file "E:\Music\Compositions\music\FL\FL Studio\Presets\Plugin database\Installed\Generators\Fruity\Toxic Biohazard.fst"
[24/02/2025 19:07:21]         Store preset "Transistor Bass" - effect=0
[24/02/2025 19:07:21]         Save "Transistor Bass": created preset file "E:\Music\Compositions\music\FL\FL Studio\Presets\Plugin database\Installed\Generators\Fruity\Transistor Bass.fst"
[24/02/2025 19:07:21]         Store preset "Wasp XT" - effect=0
[24/02/2025 19:07:21]         Save "Wasp XT": created preset file "E:\Music\Compositions\music\FL\FL Studio\Presets\Plugin database\Installed\Generators\Fruity\Wasp XT.fst"
[24/02/2025 19:07:21]         Store preset "Wasp" - effect=0
[24/02/2025 19:07:21]         Save "Wasp": created preset file "E:\Music\Compositions\music\FL\FL Studio\Presets\Plugin database\Installed\Generators\Fruity\Wasp.fst"
[24/02/2025 19:07:21]         Store preset "Wave Traveller" - effect=0
[24/02/2025 19:07:21]         Save "Wave Traveller": created preset file "E:\Music\Compositions\music\FL\FL Studio\Presets\Plugin database\Installed\Generators\Fruity\Wave Traveller.fst"
[24/02/2025 19:07:21]         Store preset "Ample Bass P" - effect=0
[24/02/2025 19:07:21]         Save "Ample Bass P": created preset file "E:\Music\Compositions\music\FL\FL Studio\Presets\Plugin database\Installed\Generators\VST3\Ample Bass P.fst"
[24/02/2025 19:07:21]         Store preset "Ample Bass U" - effect=0
[24/02/2025 19:07:21]         Save "Ample Bass U": created preset file "E:\Music\Compositions\music\FL\FL Studio\Presets\Plugin database\Installed\Generators\VST3\Ample Bass U.fst"
[24/02/2025 19:07:21]         Store preset "Ample Ethno U" - effect=0
[24/02/2025 19:07:21]         Save "Ample Ethno U": created preset file "E:\Music\Compositions\music\FL\FL Studio\Presets\Plugin database\Installed\Generators\VST3\Ample Ethno U.fst"
[24/02/2025 19:07:21]         Store preset "Ample Guitar LP" - effect=0
[24/02/2025 19:07:21]         Save "Ample Guitar LP": created preset file "E:\Music\Compositions\music\FL\FL Studio\Presets\Plugin database\Installed\Generators\VST3\Ample Guitar LP.fst"
[24/02/2025 19:07:21]         Store preset "Ample Guitar M" - effect=0
[24/02/2025 19:07:21]         Save "Ample Guitar M": created preset file "E:\Music\Compositions\music\FL\FL Studio\Presets\Plugin database\Installed\Generators\VST3\Ample Guitar M.fst"
[24/02/2025 19:07:21]         Store preset "DecentSampler" - effect=0
[24/02/2025 19:07:21]         Save "DecentSampler": created preset file "E:\Music\Compositions\music\FL\FL Studio\Presets\Plugin database\Installed\Generators\VST3\DecentSampler.fst"
[24/02/2025 19:07:21]         Store preset "Helm" - effect=0
[24/02/2025 19:07:21]         Save "Helm": created preset file "E:\Music\Compositions\music\FL\FL Studio\Presets\Plugin database\Installed\Generators\VST3\Helm.fst"
[24/02/2025 19:07:21]         Store preset "sforzando" - effect=0
[24/02/2025 19:07:21]         Save "sforzando": created preset file "E:\Music\Compositions\music\FL\FL Studio\Presets\Plugin database\Installed\Generators\VST3\sforzando.fst"
[24/02/2025 19:07:21]         Store preset "Sitar Renaissance" - effect=0
[24/02/2025 19:07:21]         Save "Sitar Renaissance": created preset file "E:\Music\Compositions\music\FL\FL Studio\Presets\Plugin database\Installed\Generators\VST3\Sitar Renaissance.fst"
[24/02/2025 19:07:21]         Store preset "Sweetcase EP" - effect=0
[24/02/2025 19:07:21]         Save "Sweetcase EP": created preset file "E:\Music\Compositions\music\FL\FL Studio\Presets\Plugin database\Installed\Generators\VST3\Sweetcase EP.fst"
[24/02/2025 19:07:21]         Store preset "Vinyl Crackles Generator" - effect=0
[24/02/2025 19:07:21]         Save "Vinyl Crackles Generator": created preset file "E:\Music\Compositions\music\FL\FL Studio\Presets\Plugin database\Installed\Generators\VST3\Vinyl Crackles Generator.fst"
[24/02/2025 19:07:21]         Store preset "Ample Guitar LP" - effect=0
[24/02/2025 19:07:21]         Save "Ample Guitar LP": created preset file "E:\Music\Compositions\music\FL\FL Studio\Presets\Plugin database\Installed\Generators\VST\Ample Guitar LP.fst"
[24/02/2025 19:07:21]         Store preset "Ample Percussion Cloudrum" - effect=0
[24/02/2025 19:07:21]         Save "Ample Percussion Cloudrum": created preset file "E:\Music\Compositions\music\FL\FL Studio\Presets\Plugin database\Installed\Generators\VST\Ample Percussion Cloudrum.fst"
[24/02/2025 19:07:21]         Store preset "Crystal Harp" - effect=0
[24/02/2025 19:07:21]         Save "Crystal Harp": created preset file "E:\Music\Compositions\music\FL\FL Studio\Presets\Plugin database\Installed\Generators\VST\Crystal Harp.fst"
[24/02/2025 19:07:21]         Store preset "DecentSampler" - effect=0
[24/02/2025 19:07:21]         Save "DecentSampler": created preset file "E:\Music\Compositions\music\FL\FL Studio\Presets\Plugin database\Installed\Generators\VST\DecentSampler.fst"
[24/02/2025 19:07:21]         Store preset "DSK AsianZ DreamZ" - effect=0
[24/02/2025 19:07:21]         Save "DSK AsianZ DreamZ": created preset file "E:\Music\Compositions\music\FL\FL Studio\Presets\Plugin database\Installed\Generators\VST\DSK AsianZ DreamZ.fst"
[24/02/2025 19:07:21]         Store preset "DSK World StringZ" - effect=0
[24/02/2025 19:07:21]         Save "DSK World StringZ": created preset file "E:\Music\Compositions\music\FL\FL Studio\Presets\Plugin database\Installed\Generators\VST\DSK World StringZ.fst"
[24/02/2025 19:07:21]         Store preset "Dynamic Guitars" - effect=0
[24/02/2025 19:07:21]         Save "Dynamic Guitars": created preset file "E:\Music\Compositions\music\FL\FL Studio\Presets\Plugin database\Installed\Generators\VST\Dynamic Guitars.fst"
[24/02/2025 19:07:21]         Store preset "Iowa Alto Sax" - effect=0
[24/02/2025 19:07:21]         Save "Iowa Alto Sax": created preset file "E:\Music\Compositions\music\FL\FL Studio\Presets\Plugin database\Installed\Generators\VST\Iowa Alto Sax.fst"
[24/02/2025 19:07:21]         Store preset "Love-Fi 2 Lite" - effect=0
[24/02/2025 19:07:21]         Save "Love-Fi 2 Lite": created preset file "E:\Music\Compositions\music\FL\FL Studio\Presets\Plugin database\Installed\Generators\VST\Love-Fi 2 Lite.fst"
[24/02/2025 19:07:21]         Store preset "sforzando" - effect=0
[24/02/2025 19:07:21]         Save "sforzando": created preset file "E:\Music\Compositions\music\FL\FL Studio\Presets\Plugin database\Installed\Generators\VST\sforzando.fst"
[24/02/2025 19:07:21]         Store preset "Sitar Renaissanc" - effect=0
[24/02/2025 19:07:21]         Save "Sitar Renaissanc": created preset file "E:\Music\Compositions\music\FL\FL Studio\Presets\Plugin database\Installed\Generators\VST\Sitar Renaissanc.fst"
[24/02/2025 19:07:21]         Store preset "Synth1 VSTi" - effect=0
[24/02/2025 19:07:21]         Save "Synth1 VSTi": created preset file "E:\Music\Compositions\music\FL\FL Studio\Presets\Plugin database\Installed\Generators\VST\Synth1 VSTi.fst"
[24/02/2025 19:07:21]         Store preset "The Bells" - effect=0
[24/02/2025 19:07:21]         Save "The Bells": created preset file "E:\Music\Compositions\music\FL\FL Studio\Presets\Plugin database\Installed\Generators\VST\The Bells.fst"
[24/02/2025 19:07:21]         Store preset "Upright Piano 1" - effect=0
[24/02/2025 19:07:21]         Save "Upright Piano 1": created preset file "E:\Music\Compositions\music\FL\FL Studio\Presets\Plugin database\Installed\Generators\VST\Upright Piano 1.fst"
[24/02/2025 19:07:21]         Store preset "Vinyl Crackles Generator" - effect=0
[24/02/2025 19:07:21]         Save "Vinyl Crackles Generator": created preset file "E:\Music\Compositions\music\FL\FL Studio\Presets\Plugin database\Installed\Generators\VST\Vinyl Crackles Generator.fst"
[24/02/2025 19:07:21]         Store preset "vRAM ePiano" - effect=0
[24/02/2025 19:07:21]         Save "vRAM ePiano": created preset file "E:\Music\Compositions\music\FL\FL Studio\Presets\Plugin database\Installed\Generators\VST\vRAM ePiano.fst"
[24/02/2025 19:07:21]         Store preset "Zither Renaissan" - effect=0
[24/02/2025 19:07:21]         Save "Zither Renaissan": created preset file "E:\Music\Compositions\music\FL\FL Studio\Presets\Plugin database\Installed\Generators\VST\Zither Renaissan.fst"
[24/02/2025 19:07:21]         Finished (store all presets)
[24/02/2025 19:07:21]     Store plugin IDs
[24/02/2025 19:07:21]     Finished (Scan - internal)
[24/02/2025 19:07:21] Thread terminated
[24/02/2025 19:08:12] Scan
[24/02/2025 19:08:12]   [FL] E:\Program Files\FL Studio\Plugins\Fruity\Effects\
[24/02/2025 19:08:12]   [FL] E:\Program Files\FL Studio\Plugins\Fruity\Generators\
[24/02/2025 19:08:12]   [VST] E:\Program Files\Cakewalk\Vstplugins\
[24/02/2025 19:08:12]   [VST] C:\Program Files (x86)\Steinberg\VstPlugins\
[24/02/2025 19:08:12]   [VST] e:\program files\fl studio\Plugins\VST\
[24/02/2025 19:08:12]   [VST3] C:\Program Files (x86)\Common Files\VST3\
[24/02/2025 19:08:12]   [VST3] C:\Program Files\Common Files\VST3\
[24/02/2025 19:08:12]   [VST] e:\program files\fl studio\Plugins\Downloaded\
[24/02/2025 19:08:12]   [VST] e:\program files\fl studio\Plugins\Downloaded\VST\
[24/02/2025 19:08:12]   [VST] e:\program files\fl studio\Plugins\Downloaded\VST3\
[24/02/2025 19:08:12]   [VST] C:\Program Files\Common Files\Universal Audio\Plug-Ins\
[24/02/2025 19:08:12]   Options: noscannerexe verify store bridge threaded
[24/02/2025 19:08:12] Scan - internal
[24/02/2025 19:08:12]     LoadExistingPresets
[24/02/2025 19:08:12]         Clear
[24/02/2025 19:08:12]         Finished (LoadExistingPresets) - count=190
[24/02/2025 19:08:12]     Loaded existing presets - count=190
[24/02/2025 19:08:12]     Ensure plugins still exist
[24/02/2025 19:08:12]     Deleted missing presets - count=190
[24/02/2025 19:08:12]     Find files
[24/02/2025 19:08:12]     Find plugins
[24/02/2025 19:08:12]         Scanning FL
[24/02/2025 19:08:12]             Scanning... [FL] E:\Program Files\FL Studio\Plugins\Fruity\Effects\
[24/02/2025 19:08:12]             search path: E:\Program Files\FL Studio\Plugins\Fruity\Effects\
[24/02/2025 19:08:12]             Scanning... [FL] E:\Program Files\FL Studio\Plugins\Fruity\Generators\
[24/02/2025 19:08:12]             search path: E:\Program Files\FL Studio\Plugins\Fruity\Generators\
[24/02/2025 19:08:12]             Found 233 plugins
[24/02/2025 19:08:12]             Finished (FL)
[24/02/2025 19:08:12]         Scanning VST
[24/02/2025 19:08:12]             Scanning... [VST] E:\Program Files\Cakewalk\Vstplugins\
[24/02/2025 19:08:12]             search path: E:\Program Files\Cakewalk\Vstplugins\
[24/02/2025 19:08:12]             Scanning... [VST] C:\Program Files (x86)\Steinberg\VstPlugins\
[24/02/2025 19:08:12]             search path: C:\Program Files (x86)\Steinberg\VstPlugins\
[24/02/2025 19:08:12]             Scanning... [VST] e:\program files\fl studio\Plugins\VST\
[24/02/2025 19:08:12]             search path: e:\program files\fl studio\Plugins\VST\
[24/02/2025 19:08:12]             Scanning... [VST] e:\program files\fl studio\Plugins\Downloaded\
[24/02/2025 19:08:12]             search path: e:\program files\fl studio\Plugins\Downloaded\
[24/02/2025 19:08:12]             Scanning... [VST] e:\program files\fl studio\Plugins\Downloaded\VST\
[24/02/2025 19:08:12]             search path: e:\program files\fl studio\Plugins\Downloaded\VST\
[24/02/2025 19:08:12]             Scanning... [VST] e:\program files\fl studio\Plugins\Downloaded\VST3\
[24/02/2025 19:08:12]             search path: e:\program files\fl studio\Plugins\Downloaded\VST3\
[24/02/2025 19:08:12]             Scanning... [VST] C:\Program Files\Common Files\Universal Audio\Plug-Ins\
[24/02/2025 19:08:12]             search path: C:\Program Files\Common Files\Universal Audio\Plug-Ins\
[24/02/2025 19:08:12]             Found 37 plugins
[24/02/2025 19:08:12]             Finished (VST)
[24/02/2025 19:08:12]         Scanning VST3
[24/02/2025 19:08:12]             Scanning... [VST3] C:\Program Files (x86)\Common Files\VST3\
[24/02/2025 19:08:12]             search path: C:\Program Files (x86)\Common Files\VST3\
[24/02/2025 19:08:12]             Scanning... [VST3] C:\Program Files\Common Files\VST3\
[24/02/2025 19:08:12]             search path: C:\Program Files\Common Files\VST3\
[24/02/2025 19:08:12]             Found 54 plugins
[24/02/2025 19:08:12]             Finished (VST3)
[24/02/2025 19:08:12]         Finished (find plugins)
[24/02/2025 19:08:12]     Verify plugins
[24/02/2025 19:08:12]     Skipped - E:\Program Files\FL Studio\Plugins\Fruity\Effects\Control Surface\Control Surface.dll
[24/02/2025 19:08:12]     Skipped - E:\Program Files\FL Studio\Plugins\Fruity\Effects\Control Surface\Control Surface_x64.dll
[24/02/2025 19:08:12]     Skipped - E:\Program Files\FL Studio\Plugins\Fruity\Effects\Distructor\Distructor.dll
[24/02/2025 19:08:12]     Skipped - E:\Program Files\FL Studio\Plugins\Fruity\Effects\Distructor\Distructor_x64.dll
[24/02/2025 19:08:12]     Skipped - E:\Program Files\FL Studio\Plugins\Fruity\Effects\Edison\Edison.dll
[24/02/2025 19:08:12]     Skipped - E:\Program Files\FL Studio\Plugins\Fruity\Effects\Edison\Edison_x64.dll
[24/02/2025 19:08:12]     Skipped - E:\Program Files\FL Studio\Plugins\Fruity\Effects\Effector\Effector.dll
[24/02/2025 19:08:12]     Skipped - E:\Program Files\FL Studio\Plugins\Fruity\Effects\Effector\Effector_x64.dll
[24/02/2025 19:08:12]     Skipped - E:\Program Files\FL Studio\Plugins\Fruity\Effects\EQUO\EQUO.dll
[24/02/2025 19:08:12]     Skipped - E:\Program Files\FL Studio\Plugins\Fruity\Effects\EQUO\EQUO_x64.dll
[24/02/2025 19:08:12]     Skipped - E:\Program Files\FL Studio\Plugins\Fruity\Effects\Fruity 7 Band EQ\Fruity 7 Band EQ.dll
[24/02/2025 19:08:12]     Skipped - E:\Program Files\FL Studio\Plugins\Fruity\Effects\Fruity 7 Band EQ\Fruity 7 Band EQ_x64.dll
[24/02/2025 19:08:12]     Skipped - E:\Program Files\FL Studio\Plugins\Fruity\Effects\Fruity Balance\Fruity Balance.dll
[24/02/2025 19:08:12]     Skipped - E:\Program Files\FL Studio\Plugins\Fruity\Effects\Fruity Balance\Fruity Balance_x64.dll
[24/02/2025 19:08:12]     Skipped - E:\Program Files\FL Studio\Plugins\Fruity\Effects\Fruity Bass Boost\Fruity Bass Boost.dll
[24/02/2025 19:08:12]     Skipped - E:\Program Files\FL Studio\Plugins\Fruity\Effects\Fruity Bass Boost\Fruity Bass Boost_x64.dll
[24/02/2025 19:08:12]     Skipped - E:\Program Files\FL Studio\Plugins\Fruity\Effects\Fruity Big Clock\Fruity Big Clock.dll
[24/02/2025 19:08:12]     Skipped - E:\Program Files\FL Studio\Plugins\Fruity\Effects\Fruity Big Clock\Fruity Big Clock_x64.dll
[24/02/2025 19:08:12]     Skipped - E:\Program Files\FL Studio\Plugins\Fruity\Effects\Fruity Blood Overdrive\Fruity Blood Overdrive.dll
[24/02/2025 19:08:12]     Skipped - E:\Program Files\FL Studio\Plugins\Fruity\Effects\Fruity Blood Overdrive\Fruity Blood Overdrive_x64.dll
[24/02/2025 19:08:12]     Skipped - E:\Program Files\FL Studio\Plugins\Fruity\Effects\Fruity Center\Fruity Center.dll
[24/02/2025 19:08:12]     Skipped - E:\Program Files\FL Studio\Plugins\Fruity\Effects\Fruity Center\Fruity Center_x64.dll
[24/02/2025 19:08:12]     Skipped - E:\Program Files\FL Studio\Plugins\Fruity\Effects\Fruity Chorus\Fruity Chorus.dll
[24/02/2025 19:08:12]     Skipped - E:\Program Files\FL Studio\Plugins\Fruity\Effects\Fruity Chorus\Fruity Chorus_x64.dll
[24/02/2025 19:08:12]     Skipped - E:\Program Files\FL Studio\Plugins\Fruity\Effects\Fruity Compressor\Fruity Compressor.dll
[24/02/2025 19:08:12]     Skipped - E:\Program Files\FL Studio\Plugins\Fruity\Effects\Fruity Compressor\Fruity Compressor_x64.dll
[24/02/2025 19:08:12]     Skipped - E:\Program Files\FL Studio\Plugins\Fruity\Effects\Fruity Convolver\Fruity Convolver.dll
[24/02/2025 19:08:12]     Skipped - E:\Program Files\FL Studio\Plugins\Fruity\Effects\Fruity Convolver\Fruity Convolver_x64.dll
[24/02/2025 19:08:12]     Skipped - E:\Program Files\FL Studio\Plugins\Fruity\Effects\Fruity dB Meter\Fruity dB Meter.dll
[24/02/2025 19:08:12]     Skipped - E:\Program Files\FL Studio\Plugins\Fruity\Effects\Fruity dB Meter\Fruity dB Meter_x64.dll
[24/02/2025 19:08:12]     Skipped - E:\Program Files\FL Studio\Plugins\Fruity\Effects\Fruity Delay\Fruity Delay.dll
[24/02/2025 19:08:12]     Skipped - E:\Program Files\FL Studio\Plugins\Fruity\Effects\Fruity Delay\Fruity Delay_x64.dll
[24/02/2025 19:08:12]     Skipped - E:\Program Files\FL Studio\Plugins\Fruity\Effects\Fruity Delay 2\Fruity Delay 2.dll
[24/02/2025 19:08:12]     Skipped - E:\Program Files\FL Studio\Plugins\Fruity\Effects\Fruity Delay 2\Fruity Delay 2_x64.dll
[24/02/2025 19:08:12]     Skipped - E:\Program Files\FL Studio\Plugins\Fruity\Effects\Fruity Delay 3\Fruity Delay 3.dll
[24/02/2025 19:08:12]     Skipped - E:\Program Files\FL Studio\Plugins\Fruity\Effects\Fruity Delay 3\Fruity Delay 3_x64.dll
[24/02/2025 19:08:12]     Skipped - E:\Program Files\FL Studio\Plugins\Fruity\Effects\Fruity Delay Bank\Fruity Delay Bank.dll
[24/02/2025 19:08:12]     Skipped - E:\Program Files\FL Studio\Plugins\Fruity\Effects\Fruity Delay Bank\Fruity Delay Bank_x64.dll
[24/02/2025 19:08:12]     Skipped - E:\Program Files\FL Studio\Plugins\Fruity\Effects\Fruity Fast Dist\Fruity Fast Dist.dll
[24/02/2025 19:08:12]     Skipped - E:\Program Files\FL Studio\Plugins\Fruity\Effects\Fruity Fast Dist\Fruity Fast Dist_x64.dll
[24/02/2025 19:08:12]     Skipped - E:\Program Files\FL Studio\Plugins\Fruity\Effects\Fruity Fast LP\Fruity Fast LP.dll
[24/02/2025 19:08:12]     Skipped - E:\Program Files\FL Studio\Plugins\Fruity\Effects\Fruity Fast LP\Fruity Fast LP_x64.dll
[24/02/2025 19:08:12]     Skipped - E:\Program Files\FL Studio\Plugins\Fruity\Effects\Fruity Filter\Fruity Filter.dll
[24/02/2025 19:08:12]     Skipped - E:\Program Files\FL Studio\Plugins\Fruity\Effects\Fruity Filter\Fruity Filter_x64.dll
[24/02/2025 19:08:12]     Skipped - E:\Program Files\FL Studio\Plugins\Fruity\Effects\Fruity Flanger\Fruity Flanger.dll
[24/02/2025 19:08:12]     Skipped - E:\Program Files\FL Studio\Plugins\Fruity\Effects\Fruity Flanger\Fruity Flanger_x64.dll
[24/02/2025 19:08:12]     Skipped - E:\Program Files\FL Studio\Plugins\Fruity\Effects\Fruity Flangus\Fruity Flangus.dll
[24/02/2025 19:08:12]     Skipped - E:\Program Files\FL Studio\Plugins\Fruity\Effects\Fruity Flangus\Fruity Flangus_x64.dll
[24/02/2025 19:08:12]     Skipped - E:\Program Files\FL Studio\Plugins\Fruity\Effects\Fruity Formula Controller\Fruity Formula Controller.dll
[24/02/2025 19:08:12]     Skipped - E:\Program Files\FL Studio\Plugins\Fruity\Effects\Fruity Formula Controller\Fruity Formula Controller_x64.dll
[24/02/2025 19:08:12]     Skipped - E:\Program Files\FL Studio\Plugins\Fruity\Effects\Fruity Free Filter\Fruity Free Filter.dll
[24/02/2025 19:08:12]     Skipped - E:\Program Files\FL Studio\Plugins\Fruity\Effects\Fruity Free Filter\Fruity Free Filter_x64.dll
[24/02/2025 19:08:12]     Skipped - E:\Program Files\FL Studio\Plugins\Fruity\Effects\Fruity HTML NoteBook\Fruity HTML NoteBook.dll
[24/02/2025 19:08:12]     Skipped - E:\Program Files\FL Studio\Plugins\Fruity\Effects\Fruity HTML NoteBook\Fruity HTML NoteBook_x64.dll
[24/02/2025 19:08:12]     Skipped - E:\Program Files\FL Studio\Plugins\Fruity\Effects\Fruity Limiter\Fruity Limiter.dll
[24/02/2025 19:08:12]     Skipped - E:\Program Files\FL Studio\Plugins\Fruity\Effects\Fruity Limiter\Fruity Limiter_x64.dll
[24/02/2025 19:08:12]     Skipped - E:\Program Files\FL Studio\Plugins\Fruity\Effects\Fruity Love Philter\Fruity Love Philter.dll
[24/02/2025 19:08:12]     Skipped - E:\Program Files\FL Studio\Plugins\Fruity\Effects\Fruity Love Philter\Fruity Love Philter_x64.dll
[24/02/2025 19:08:12]     Skipped - E:\Program Files\FL Studio\Plugins\Fruity\Effects\Fruity LSD\Fruity LSD.dll
[24/02/2025 19:08:12]     Skipped - E:\Program Files\FL Studio\Plugins\Fruity\Effects\Fruity LSD\Fruity LSD_x64.dll
[24/02/2025 19:08:12]     Skipped - E:\Program Files\FL Studio\Plugins\Fruity\Effects\Fruity Multiband Compressor\Fruity Multiband Compressor.dll
[24/02/2025 19:08:12]     Skipped - E:\Program Files\FL Studio\Plugins\Fruity\Effects\Fruity Multiband Compressor\Fruity Multiband Compressor_x64.dll
[24/02/2025 19:08:12]     Skipped - E:\Program Files\FL Studio\Plugins\Fruity\Effects\Fruity Mute 2\Fruity Mute 2.dll
[24/02/2025 19:08:12]     Skipped - E:\Program Files\FL Studio\Plugins\Fruity\Effects\Fruity Mute 2\Fruity Mute 2_x64.dll
[24/02/2025 19:08:12]     Skipped - E:\Program Files\FL Studio\Plugins\Fruity\Effects\Fruity NoteBook\Fruity NoteBook.dll
[24/02/2025 19:08:12]     Skipped - E:\Program Files\FL Studio\Plugins\Fruity\Effects\Fruity NoteBook\Fruity NoteBook_x64.dll
[24/02/2025 19:08:12]     Skipped - E:\Program Files\FL Studio\Plugins\Fruity\Effects\Fruity NoteBook 2\Fruity NoteBook 2.dll
[24/02/2025 19:08:12]     Skipped - E:\Program Files\FL Studio\Plugins\Fruity\Effects\Fruity NoteBook 2\Fruity NoteBook 2_x64.dll
[24/02/2025 19:08:12]     Skipped - E:\Program Files\FL Studio\Plugins\Fruity\Effects\Fruity PanOMatic\Fruity PanOMatic.dll
[24/02/2025 19:08:12]     Skipped - E:\Program Files\FL Studio\Plugins\Fruity\Effects\Fruity PanOMatic\Fruity PanOMatic_x64.dll
[24/02/2025 19:08:12]     Skipped - E:\Program Files\FL Studio\Plugins\Fruity\Effects\Fruity Parametric EQ\Fruity Parametric EQ.dll
[24/02/2025 19:08:12]     Skipped - E:\Program Files\FL Studio\Plugins\Fruity\Effects\Fruity Parametric EQ\Fruity Parametric EQ_x64.dll
[24/02/2025 19:08:12]     Skipped - E:\Program Files\FL Studio\Plugins\Fruity\Effects\Fruity Parametric EQ 2\Fruity Parametric EQ 2.dll
[24/02/2025 19:08:12]     Skipped - E:\Program Files\FL Studio\Plugins\Fruity\Effects\Fruity Parametric EQ 2\Fruity Parametric EQ 2_x64.dll
[24/02/2025 19:08:12]     Skipped - E:\Program Files\FL Studio\Plugins\Fruity\Effects\Fruity Peak Controller\Fruity Peak Controller.dll
[24/02/2025 19:08:12]     Skipped - E:\Program Files\FL Studio\Plugins\Fruity\Effects\Fruity Peak Controller\Fruity Peak Controller_x64.dll
[24/02/2025 19:08:12]     Skipped - E:\Program Files\FL Studio\Plugins\Fruity\Effects\Fruity Phase Inverter\Fruity Phase Inverter.dll
[24/02/2025 19:08:12]     Skipped - E:\Program Files\FL Studio\Plugins\Fruity\Effects\Fruity Phase Inverter\Fruity Phase Inverter_x64.dll
[24/02/2025 19:08:12]     Skipped - E:\Program Files\FL Studio\Plugins\Fruity\Effects\Fruity Phaser\Fruity Phaser.dll
[24/02/2025 19:08:12]     Skipped - E:\Program Files\FL Studio\Plugins\Fruity\Effects\Fruity Phaser\Fruity Phaser_x64.dll
[24/02/2025 19:08:12]     Skipped - E:\Program Files\FL Studio\Plugins\Fruity\Effects\Fruity Reeverb\Fruity Reeverb.dll
[24/02/2025 19:08:12]     Skipped - E:\Program Files\FL Studio\Plugins\Fruity\Effects\Fruity Reeverb\Fruity Reeverb_x64.dll
[24/02/2025 19:08:12]     Skipped - E:\Program Files\FL Studio\Plugins\Fruity\Effects\Fruity Reeverb 2\Fruity Reeverb 2.dll
[24/02/2025 19:08:12]     Skipped - E:\Program Files\FL Studio\Plugins\Fruity\Effects\Fruity Reeverb 2\Fruity Reeverb 2_x64.dll
[24/02/2025 19:08:12]     Skipped - E:\Program Files\FL Studio\Plugins\Fruity\Effects\Fruity Scratcher\Fruity Scratcher.dll
[24/02/2025 19:08:12]     Skipped - E:\Program Files\FL Studio\Plugins\Fruity\Effects\Fruity Scratcher\Fruity Scratcher_x64.dll
[24/02/2025 19:08:12]     Skipped - E:\Program Files\FL Studio\Plugins\Fruity\Effects\Fruity Send\Fruity Send.dll
[24/02/2025 19:08:12]     Skipped - E:\Program Files\FL Studio\Plugins\Fruity\Effects\Fruity Send\Fruity Send_x64.dll
[24/02/2025 19:08:12]     Skipped - E:\Program Files\FL Studio\Plugins\Fruity\Effects\Fruity Soft Clipper\Fruity Soft Clipper.dll
[24/02/2025 19:08:12]     Skipped - E:\Program Files\FL Studio\Plugins\Fruity\Effects\Fruity Soft Clipper\Fruity Soft Clipper_x64.dll
[24/02/2025 19:08:12]     Skipped - E:\Program Files\FL Studio\Plugins\Fruity\Effects\Fruity Spectroman\Fruity Spectroman.dll
[24/02/2025 19:08:12]     Skipped - E:\Program Files\FL Studio\Plugins\Fruity\Effects\Fruity Spectroman\Fruity Spectroman_x64.dll
[24/02/2025 19:08:12]     Skipped - E:\Program Files\FL Studio\Plugins\Fruity\Effects\Fruity Squeeze\Fruity Squeeze.dll
[24/02/2025 19:08:12]     Skipped - E:\Program Files\FL Studio\Plugins\Fruity\Effects\Fruity Squeeze\Fruity Squeeze_x64.dll
[24/02/2025 19:08:12]     Skipped - E:\Program Files\FL Studio\Plugins\Fruity\Effects\Fruity Stereo Enhancer\Fruity Stereo Enhancer.dll
[24/02/2025 19:08:12]     Skipped - E:\Program Files\FL Studio\Plugins\Fruity\Effects\Fruity Stereo Enhancer\Fruity Stereo Enhancer_x64.dll
[24/02/2025 19:08:12]     Skipped - E:\Program Files\FL Studio\Plugins\Fruity\Effects\Fruity Stereo Shaper\Fruity Stereo Shaper.dll
[24/02/2025 19:08:12]     Skipped - E:\Program Files\FL Studio\Plugins\Fruity\Effects\Fruity Stereo Shaper\Fruity Stereo Shaper_x64.dll
[24/02/2025 19:08:12]     Skipped - E:\Program Files\FL Studio\Plugins\Fruity\Effects\Fruity Vocoder\Fruity Vocoder.dll
[24/02/2025 19:08:12]     Skipped - E:\Program Files\FL Studio\Plugins\Fruity\Effects\Fruity Vocoder\Fruity Vocoder_x64.dll
[24/02/2025 19:08:12]     Skipped - E:\Program Files\FL Studio\Plugins\Fruity\Effects\Fruity WaveShaper\Fruity WaveShaper.dll
[24/02/2025 19:08:12]     Skipped - E:\Program Files\FL Studio\Plugins\Fruity\Effects\Fruity WaveShaper\Fruity WaveShaper_x64.dll
[24/02/2025 19:08:12]     Skipped - E:\Program Files\FL Studio\Plugins\Fruity\Effects\Fruity Wrapper\Fruity Wrapper.dll
[24/02/2025 19:08:12]     Skipped - E:\Program Files\FL Studio\Plugins\Fruity\Effects\Fruity Wrapper\Fruity Wrapper_x64.dll
[24/02/2025 19:08:12]     Skipped - E:\Program Files\FL Studio\Plugins\Fruity\Effects\Fruity X-Y Controller\Fruity X-Y Controller.dll
[24/02/2025 19:08:12]     Skipped - E:\Program Files\FL Studio\Plugins\Fruity\Effects\Fruity X-Y Controller\Fruity X-Y Controller_x64.dll
[24/02/2025 19:08:12]     Skipped - E:\Program Files\FL Studio\Plugins\Fruity\Effects\Fruity X-Y-Z Controller\Fruity X-Y-Z Controller.dll
[24/02/2025 19:08:12]     Skipped - E:\Program Files\FL Studio\Plugins\Fruity\Effects\Fruity X-Y-Z Controller\Fruity X-Y-Z Controller_x64.dll
[24/02/2025 19:08:12]     Skipped - E:\Program Files\FL Studio\Plugins\Fruity\Effects\Gross Beat\Gross Beat.dll
[24/02/2025 19:08:12]     Skipped - E:\Program Files\FL Studio\Plugins\Fruity\Effects\Gross Beat\Gross Beat_x64.dll
[24/02/2025 19:08:12]     Skipped - E:\Program Files\FL Studio\Plugins\Fruity\Effects\Hardcore\Hardcore.dll
[24/02/2025 19:08:12]     Skipped - E:\Program Files\FL Studio\Plugins\Fruity\Effects\Hardcore\Hardcore_x64.dll
[24/02/2025 19:08:12]     Skipped - E:\Program Files\FL Studio\Plugins\Fruity\Effects\Maximus\Maximus.dll
[24/02/2025 19:08:12]     Skipped - E:\Program Files\FL Studio\Plugins\Fruity\Effects\Maximus\Maximus_x64.dll
[24/02/2025 19:08:12]     Skipped - E:\Program Files\FL Studio\Plugins\Fruity\Effects\Newtime\Newtime.dll
[24/02/2025 19:08:12]     Skipped - E:\Program Files\FL Studio\Plugins\Fruity\Effects\Newtime\Newtime_x64.dll
[24/02/2025 19:08:12]     Skipped - E:\Program Files\FL Studio\Plugins\Fruity\Effects\Newtone\Newtone.dll
[24/02/2025 19:08:12]     Skipped - E:\Program Files\FL Studio\Plugins\Fruity\Effects\Newtone\Newtone_x64.dll
[24/02/2025 19:08:12]     Skipped - E:\Program Files\FL Studio\Plugins\Fruity\Effects\Patcher\Patcher.dll
[24/02/2025 19:08:12]     Skipped - E:\Program Files\FL Studio\Plugins\Fruity\Effects\Patcher\Patcher_x64.dll
[24/02/2025 19:08:12]     Skipped - E:\Program Files\FL Studio\Plugins\Fruity\Effects\Pitcher\Pitcher.dll
[24/02/2025 19:08:12]     Skipped - E:\Program Files\FL Studio\Plugins\Fruity\Effects\Pitcher\Pitcher_x64.dll
[24/02/2025 19:08:12]     Skipped - E:\Program Files\FL Studio\Plugins\Fruity\Effects\Razer Chroma\Razer Chroma.dll
[24/02/2025 19:08:12]     Skipped - E:\Program Files\FL Studio\Plugins\Fruity\Effects\Razer Chroma\Razer Chroma_x64.dll
[24/02/2025 19:08:12]     Skipped - E:\Program Files\FL Studio\Plugins\Fruity\Effects\Soundgoodizer\Soundgoodizer.dll
[24/02/2025 19:08:12]     Skipped - E:\Program Files\FL Studio\Plugins\Fruity\Effects\Soundgoodizer\Soundgoodizer_x64.dll
[24/02/2025 19:08:12]     Skipped - E:\Program Files\FL Studio\Plugins\Fruity\Effects\Transient Processor\Transient Processor.dll
[24/02/2025 19:08:12]     Skipped - E:\Program Files\FL Studio\Plugins\Fruity\Effects\Transient Processor\Transient Processor_x64.dll
[24/02/2025 19:08:12]     Skipped - E:\Program Files\FL Studio\Plugins\Fruity\Effects\VFX Color Mapper\VFX Color Mapper.dll
[24/02/2025 19:08:12]     Skipped - E:\Program Files\FL Studio\Plugins\Fruity\Effects\VFX Color Mapper\VFX Color Mapper_x64.dll
[24/02/2025 19:08:12]     Skipped - E:\Program Files\FL Studio\Plugins\Fruity\Effects\VFX Key Mapper\VFX Key Mapper.dll
[24/02/2025 19:08:12]     Skipped - E:\Program Files\FL Studio\Plugins\Fruity\Effects\VFX Key Mapper\VFX Key Mapper_x64.dll
[24/02/2025 19:08:12]     Skipped - E:\Program Files\FL Studio\Plugins\Fruity\Effects\VFX Keyboard Splitter\VFX Keyboard Splitter.dll
[24/02/2025 19:08:12]     Skipped - E:\Program Files\FL Studio\Plugins\Fruity\Effects\VFX Keyboard Splitter\VFX Keyboard Splitter_x64.dll
[24/02/2025 19:08:12]     Skipped - E:\Program Files\FL Studio\Plugins\Fruity\Effects\VFX Level Scaler\VFX Level Scaler.dll
[24/02/2025 19:08:12]     Skipped - E:\Program Files\FL Studio\Plugins\Fruity\Effects\VFX Level Scaler\VFX Level Scaler_x64.dll
[24/02/2025 19:08:12]     Skipped - E:\Program Files\FL Studio\Plugins\Fruity\Effects\Vocodex\Vocodex.dll
[24/02/2025 19:08:12]     Skipped - E:\Program Files\FL Studio\Plugins\Fruity\Effects\Vocodex\Vocodex_x64.dll
[24/02/2025 19:08:12]     Skipped - E:\Program Files\FL Studio\Plugins\Fruity\Effects\Wave Candy\Wave Candy.dll
[24/02/2025 19:08:12]     Skipped - E:\Program Files\FL Studio\Plugins\Fruity\Effects\Wave Candy\Wave Candy_x64.dll
[24/02/2025 19:08:12]     Skipped - E:\Program Files\FL Studio\Plugins\Fruity\Effects\ZGameEditor Visualizer\ZGameEditor Visualizer.dll
[24/02/2025 19:08:12]     Skipped - E:\Program Files\FL Studio\Plugins\Fruity\Effects\ZGameEditor Visualizer\ZGameEditor Visualizer_x64.dll
[24/02/2025 19:08:12]     Skipped - E:\Program Files\FL Studio\Plugins\Fruity\Generators\3x Osc\3x Osc.dll
[24/02/2025 19:08:12]     Skipped - E:\Program Files\FL Studio\Plugins\Fruity\Generators\3x Osc\3x Osc_x64.dll
[24/02/2025 19:08:12]     Skipped - E:\Program Files\FL Studio\Plugins\Fruity\Generators\Autogun\Autogun.dll
[24/02/2025 19:08:12]     Skipped - E:\Program Files\FL Studio\Plugins\Fruity\Generators\Autogun\Autogun_x64.dll
[24/02/2025 19:08:12]     Skipped - E:\Program Files\FL Studio\Plugins\Fruity\Generators\BassDrum\BassDrum.dll
[24/02/2025 19:08:12]     Skipped - E:\Program Files\FL Studio\Plugins\Fruity\Generators\BassDrum\BassDrum_x64.dll
[24/02/2025 19:08:12]     Skipped - E:\Program Files\FL Studio\Plugins\Fruity\Generators\BeepMap\BeepMap.dll
[24/02/2025 19:08:12]     Skipped - E:\Program Files\FL Studio\Plugins\Fruity\Generators\BeepMap\BeepMap_x64.dll
[24/02/2025 19:08:12]     Skipped - E:\Program Files\FL Studio\Plugins\Fruity\Generators\BooBass\BooBass.dll
[24/02/2025 19:08:12]     Skipped - E:\Program Files\FL Studio\Plugins\Fruity\Generators\BooBass\BooBass_x64.dll
[24/02/2025 19:08:12]     Skipped - E:\Program Files\FL Studio\Plugins\Fruity\Generators\Dashboard\Dashboard.dll
[24/02/2025 19:08:12]     Skipped - E:\Program Files\FL Studio\Plugins\Fruity\Generators\Dashboard\Dashboard_x64.dll
[24/02/2025 19:08:12]     Skipped - E:\Program Files\FL Studio\Plugins\Fruity\Generators\DirectWave\DirectWave.dll
[24/02/2025 19:08:12]     Skipped - E:\Program Files\FL Studio\Plugins\Fruity\Generators\DirectWave\DirectWave_x64.dll
[24/02/2025 19:08:12]     Skipped - E:\Program Files\FL Studio\Plugins\Fruity\Generators\Drumaxx\Drumaxx.dll
[24/02/2025 19:08:12]     Skipped - E:\Program Files\FL Studio\Plugins\Fruity\Generators\Drumaxx\Drumaxx_x64.dll
[24/02/2025 19:08:12]     Skipped - E:\Program Files\FL Studio\Plugins\Fruity\Generators\Drumpad\Drumpad.dll
[24/02/2025 19:08:12]     Skipped - E:\Program Files\FL Studio\Plugins\Fruity\Generators\Drumpad\Drumpad_x64.dll
[24/02/2025 19:08:12]     Skipped - E:\Program Files\FL Studio\Plugins\Fruity\Generators\FL Keys\FL Keys.dll
[24/02/2025 19:08:12]     Skipped - E:\Program Files\FL Studio\Plugins\Fruity\Generators\FL Keys\FL Keys_x64.dll
[24/02/2025 19:08:12]     Skipped - E:\Program Files\FL Studio\Plugins\Fruity\Generators\FL Slayer\FL Slayer.dll
[24/02/2025 19:08:12]     Skipped - E:\Program Files\FL Studio\Plugins\Fruity\Generators\FL Slayer\FL Slayer_x64.dll
[24/02/2025 19:08:12]     Skipped - E:\Program Files\FL Studio\Plugins\Fruity\Generators\FL Studio Mobile\FL Studio Mobile.dll
[24/02/2025 19:08:12]     Skipped - E:\Program Files\FL Studio\Plugins\Fruity\Generators\FL Studio Mobile\FL Studio Mobile_x64.dll
[24/02/2025 19:08:12]     Skipped - E:\Program Files\FL Studio\Plugins\Fruity\Generators\FLEX\FLEX.dll
[24/02/2025 19:08:12]     Skipped - E:\Program Files\FL Studio\Plugins\Fruity\Generators\FLEX\FLEX_x64.dll
[24/02/2025 19:08:12]     Skipped - E:\Program Files\FL Studio\Plugins\Fruity\Generators\FPC\FPC.dll
[24/02/2025 19:08:12]     Skipped - E:\Program Files\FL Studio\Plugins\Fruity\Generators\FPC\FPC_x64.dll
[24/02/2025 19:08:12]     Skipped - E:\Program Files\FL Studio\Plugins\Fruity\Generators\Fruit Kick\Fruit Kick.dll
[24/02/2025 19:08:12]     Skipped - E:\Program Files\FL Studio\Plugins\Fruity\Generators\Fruit Kick\Fruit Kick_x64.dll
[24/02/2025 19:08:12]     Skipped - E:\Program Files\FL Studio\Plugins\Fruity\Generators\Fruity Dance\Fruity Dance.dll
[24/02/2025 19:08:12]     Skipped - E:\Program Files\FL Studio\Plugins\Fruity\Generators\Fruity Dance\Fruity Dance_x64.dll
[24/02/2025 19:08:12]     Skipped - E:\Program Files\FL Studio\Plugins\Fruity\Generators\Fruity DrumSynth Live\Fruity DrumSynth Live.dll
[24/02/2025 19:08:12]     Skipped - E:\Program Files\FL Studio\Plugins\Fruity\Generators\Fruity DrumSynth Live\Fruity DrumSynth Live_x64.dll
[24/02/2025 19:08:12]     Skipped - E:\Program Files\FL Studio\Plugins\Fruity\Generators\Fruity DX10\Fruity DX10.dll
[24/02/2025 19:08:12]     Skipped - E:\Program Files\FL Studio\Plugins\Fruity\Generators\Fruity DX10\Fruity DX10_x64.dll
[24/02/2025 19:08:12]     Skipped - E:\Program Files\FL Studio\Plugins\Fruity\Generators\Fruity Envelope Controller\Fruity Envelope Controller.dll
[24/02/2025 19:08:12]     Skipped - E:\Program Files\FL Studio\Plugins\Fruity\Generators\Fruity Envelope Controller\Fruity Envelope Controller_x64.dll
[24/02/2025 19:08:12]     Skipped - E:\Program Files\FL Studio\Plugins\Fruity\Generators\Fruity Granulizer\Fruity Granulizer.dll
[24/02/2025 19:08:12]     Skipped - E:\Program Files\FL Studio\Plugins\Fruity\Generators\Fruity Granulizer\Fruity Granulizer_x64.dll
[24/02/2025 19:08:12]     Skipped - E:\Program Files\FL Studio\Plugins\Fruity\Generators\Fruity Keyboard Controller\Fruity Keyboard Controller.dll
[24/02/2025 19:08:12]     Skipped - E:\Program Files\FL Studio\Plugins\Fruity\Generators\Fruity Keyboard Controller\Fruity Keyboard Controller_x64.dll
[24/02/2025 19:08:12]     Skipped - E:\Program Files\FL Studio\Plugins\Fruity\Generators\Fruity Slicer\Fruity Slicer.dll
[24/02/2025 19:08:12]     Skipped - E:\Program Files\FL Studio\Plugins\Fruity\Generators\Fruity Slicer\Fruity Slicer_x64.dll
[24/02/2025 19:08:12]     Skipped - E:\Program Files\FL Studio\Plugins\Fruity\Generators\Fruity Soundfont Player\Fruity Soundfont Player.dll
[24/02/2025 19:08:12]     Skipped - E:\Program Files\FL Studio\Plugins\Fruity\Generators\Fruity Video Player\Fruity Video Player.dll
[24/02/2025 19:08:12]     Skipped - E:\Program Files\FL Studio\Plugins\Fruity\Generators\Fruity Video Player\Fruity Video Player_x64.dll
[24/02/2025 19:08:12]     Skipped - E:\Program Files\FL Studio\Plugins\Fruity\Generators\Fruity Voltage Controller\Fruity Voltage Controller.dll
[24/02/2025 19:08:12]     Skipped - E:\Program Files\FL Studio\Plugins\Fruity\Generators\Fruity Voltage Controller\Fruity Voltage Controller_x64.dll
[24/02/2025 19:08:12]     Skipped - E:\Program Files\FL Studio\Plugins\Fruity\Generators\Fruity Wrapper\Fruity Wrapper.dll
[24/02/2025 19:08:12]     Skipped - E:\Program Files\FL Studio\Plugins\Fruity\Generators\Fruity Wrapper\Fruity Wrapper_x64.dll
[24/02/2025 19:08:12]     Skipped - E:\Program Files\FL Studio\Plugins\Fruity\Generators\GMS\GMS.dll
[24/02/2025 19:08:12]     Skipped - E:\Program Files\FL Studio\Plugins\Fruity\Generators\GMS\GMS_x64.dll
[24/02/2025 19:08:12]     Skipped - E:\Program Files\FL Studio\Plugins\Fruity\Generators\Harmless\Harmless.dll
[24/02/2025 19:08:12]     Skipped - E:\Program Files\FL Studio\Plugins\Fruity\Generators\Harmless\Harmless_x64.dll
[24/02/2025 19:08:12]     Skipped - E:\Program Files\FL Studio\Plugins\Fruity\Generators\Harmor\Harmor.dll
[24/02/2025 19:08:12]     Skipped - E:\Program Files\FL Studio\Plugins\Fruity\Generators\Harmor\Harmor_x64.dll
[24/02/2025 19:08:12]     Skipped - E:\Program Files\FL Studio\Plugins\Fruity\Generators\MIDI Out\MIDI Out.dll
[24/02/2025 19:08:12]     Skipped - E:\Program Files\FL Studio\Plugins\Fruity\Generators\MIDI Out\MIDI Out_x64.dll
[24/02/2025 19:08:12]     Skipped - E:\Program Files\FL Studio\Plugins\Fruity\Generators\MiniSynth\MiniSynth.dll
[24/02/2025 19:08:12]     Skipped - E:\Program Files\FL Studio\Plugins\Fruity\Generators\MiniSynth\MiniSynth_x64.dll
[24/02/2025 19:08:12]     Skipped - E:\Program Files\FL Studio\Plugins\Fruity\Generators\Morphine\Morphine.dll
[24/02/2025 19:08:12]     Skipped - E:\Program Files\FL Studio\Plugins\Fruity\Generators\Morphine\Morphine_x64.dll
[24/02/2025 19:08:12]     Skipped - E:\Program Files\FL Studio\Plugins\Fruity\Generators\Ogun\Ogun.dll
[24/02/2025 19:08:12]     Skipped - E:\Program Files\FL Studio\Plugins\Fruity\Generators\Ogun\Ogun_x64.dll
[24/02/2025 19:08:12]     Skipped - E:\Program Files\FL Studio\Plugins\Fruity\Generators\Patcher\Patcher.dll
[24/02/2025 19:08:12]     Skipped - E:\Program Files\FL Studio\Plugins\Fruity\Generators\Patcher\Patcher_x64.dll
[24/02/2025 19:08:12]     Skipped - E:\Program Files\FL Studio\Plugins\Fruity\Generators\Plucked!\Plucked!.dll
[24/02/2025 19:08:12]     Skipped - E:\Program Files\FL Studio\Plugins\Fruity\Generators\Plucked!\Plucked!_x64.dll
[24/02/2025 19:08:12]     Skipped - E:\Program Files\FL Studio\Plugins\Fruity\Generators\PoiZone\PoiZone.dll
[24/02/2025 19:08:12]     Skipped - E:\Program Files\FL Studio\Plugins\Fruity\Generators\PoiZone\PoiZone_x64.dll
[24/02/2025 19:08:12]     Skipped - E:\Program Files\FL Studio\Plugins\Fruity\Generators\ReWired\ReWired.dll
[24/02/2025 19:08:12]     Skipped - E:\Program Files\FL Studio\Plugins\Fruity\Generators\ReWired\ReWired_x64.dll
[24/02/2025 19:08:12]     Skipped - E:\Program Files\FL Studio\Plugins\Fruity\Generators\Sakura\Sakura.dll
[24/02/2025 19:08:12]     Skipped - E:\Program Files\FL Studio\Plugins\Fruity\Generators\Sakura\Sakura_x64.dll
[24/02/2025 19:08:12]     Skipped - E:\Program Files\FL Studio\Plugins\Fruity\Generators\Sawer\Sawer.dll
[24/02/2025 19:08:12]     Skipped - E:\Program Files\FL Studio\Plugins\Fruity\Generators\Sawer\Sawer_x64.dll
[24/02/2025 19:08:12]     Skipped - E:\Program Files\FL Studio\Plugins\Fruity\Generators\SimSynth\SimSynth.dll
[24/02/2025 19:08:12]     Skipped - E:\Program Files\FL Studio\Plugins\Fruity\Generators\SimSynth\SimSynth_x64.dll
[24/02/2025 19:08:12]     Skipped - E:\Program Files\FL Studio\Plugins\Fruity\Generators\Slicex\Slicex.dll
[24/02/2025 19:08:12]     Skipped - E:\Program Files\FL Studio\Plugins\Fruity\Generators\Slicex\Slicex_x64.dll
[24/02/2025 19:08:12]     Skipped - E:\Program Files\FL Studio\Plugins\Fruity\Generators\Sytrus\Sytrus.dll
[24/02/2025 19:08:12]     Skipped - E:\Program Files\FL Studio\Plugins\Fruity\Generators\Sytrus\Sytrus_x64.dll
[24/02/2025 19:08:12]     Skipped - E:\Program Files\FL Studio\Plugins\Fruity\Generators\Toxic Biohazard\Toxic Biohazard.dll
[24/02/2025 19:08:12]     Skipped - E:\Program Files\FL Studio\Plugins\Fruity\Generators\Toxic Biohazard\Toxic Biohazard_x64.dll
[24/02/2025 19:08:12]     Skipped - E:\Program Files\FL Studio\Plugins\Fruity\Generators\Transistor Bass\Transistor Bass.dll
[24/02/2025 19:08:12]     Skipped - E:\Program Files\FL Studio\Plugins\Fruity\Generators\Transistor Bass\Transistor Bass_x64.dll
[24/02/2025 19:08:12]     Skipped - E:\Program Files\FL Studio\Plugins\Fruity\Generators\Wasp\Wasp.dll
[24/02/2025 19:08:12]     Skipped - E:\Program Files\FL Studio\Plugins\Fruity\Generators\Wasp XT\Wasp XT.dll
[24/02/2025 19:08:12]     Skipped - E:\Program Files\FL Studio\Plugins\Fruity\Generators\Wave Traveller\Wave Traveller.dll
[24/02/2025 19:08:12]     Skipped - E:\Program Files\FL Studio\Plugins\Fruity\Generators\Wave Traveller\Wave Traveller_x64.dll
[24/02/2025 19:08:12]     Skipped - E:\Program Files\Cakewalk\Vstplugins\TDR Nova.dll
[24/02/2025 19:08:12]     Skipped - C:\Program Files (x86)\Steinberg\VstPlugins\TDR Nova.dll
[24/02/2025 19:08:12]     Skipped - e:\program files\fl studio\Plugins\Downloaded\Ample Bass P.dll
[24/02/2025 19:08:12]     Skipped - e:\program files\fl studio\Plugins\Downloaded\Ample Bass U.dll
[24/02/2025 19:08:12]     Skipped - e:\program files\fl studio\Plugins\Downloaded\Ample Ethno U.dll
[24/02/2025 19:08:12]     Skipped - e:\program files\fl studio\Plugins\Downloaded\Ample Guitar LP.dll
[24/02/2025 19:08:12]     Skipped - e:\program files\fl studio\Plugins\Downloaded\Ample Guitar M.dll
[24/02/2025 19:08:12]     Skipped - e:\program files\fl studio\Plugins\Downloaded\APC.dll
[24/02/2025 19:08:12]     Skipped - e:\program files\fl studio\Plugins\Downloaded\APCx86.dll
[24/02/2025 19:08:12]     Skipped - e:\program files\fl studio\Plugins\Downloaded\CamelCrusher\CamelCrusher.dll
[24/02/2025 19:08:12]     Skipped - e:\program files\fl studio\Plugins\Downloaded\Crystal Harp 64-bit Windows VST v1.0\Crystal Harp.dll
[24/02/2025 19:08:12]     Skipped - e:\program files\fl studio\Plugins\Downloaded\DSK Asian DreamZ\DSK Asian DreamZ.dll
[24/02/2025 19:08:12]     Skipped - e:\program files\fl studio\Plugins\Downloaded\DSK Dynamic Guitars (64bits)\DSK Dynamic Guitars.dll
[24/02/2025 19:08:12]     Skipped - e:\program files\fl studio\Plugins\Downloaded\DSK World StringZ\DSK World StringZ.dll
[24/02/2025 19:08:12]     Skipped - e:\program files\fl studio\Plugins\Downloaded\helm.dll
[24/02/2025 19:08:12]     Skipped - e:\program files\fl studio\Plugins\Downloaded\helm64.dll
[24/02/2025 19:08:12]     Skipped - e:\program files\fl studio\Plugins\Downloaded\Iowa Sax\Iowa Alto Sax - 32.dll
[24/02/2025 19:08:12]     Skipped - e:\program files\fl studio\Plugins\Downloaded\Krush.dll
[24/02/2025 19:08:12]     Skipped - e:\program files\fl studio\Plugins\Downloaded\Love-Fi 2 Lite.dll
[24/02/2025 19:08:12]     Skipped - e:\program files\fl studio\Plugins\Downloaded\LUFS\Youlean Loudness Meter 2.dll
[24/02/2025 19:08:12]     Skipped - e:\program files\fl studio\Plugins\Downloaded\Powershaper.dll
[24/02/2025 19:08:12]     Skipped - e:\program files\fl studio\Plugins\Downloaded\Sitar Renaissance Windows 64-bit VST v1.0\Sitar Renaissance.dll
[24/02/2025 19:08:12]     Skipped - e:\program files\fl studio\Plugins\Downloaded\SPAN.dll
[24/02/2025 19:08:12]     Skipped - e:\program files\fl studio\Plugins\Downloaded\Synth1\Synth1 VST.dll
[24/02/2025 19:08:12]     Skipped - e:\program files\fl studio\Plugins\Downloaded\Synth1\Synth1 VST64.dll
[24/02/2025 19:08:12]     Skipped - e:\program files\fl studio\Plugins\Downloaded\The Bells Windows 64-bit VST v1.0\The Bells.dll
[24/02/2025 19:08:12]     Skipped - e:\program files\fl studio\Plugins\Downloaded\Vinyl Crackles Generator Windows 64-bit VST v1.0\Vinyl Crackles Generator.dll
[24/02/2025 19:08:12]     Skipped - e:\program files\fl studio\Plugins\Downloaded\vRAM EPIANO\vRAM-epiano.dll
[24/02/2025 19:08:12]     Skipped - e:\program files\fl studio\Plugins\Downloaded\VST\DecentSampler.dll
[24/02/2025 19:08:12]     Skipped - e:\program files\fl studio\Plugins\Downloaded\VST\Plogue Art et Technologie, Inc\sforzando VST_x64.dll
[24/02/2025 19:08:12]     Skipped - e:\program files\fl studio\Plugins\Downloaded\VST3\Plogue Art et Technologie, Inc\sforzando VST_x86.dll
[24/02/2025 19:08:12]     Skipped - e:\program files\fl studio\Plugins\Downloaded\VSUpright\VSUpright_v1_64B.dll
[24/02/2025 19:08:12]     Skipped - e:\program files\fl studio\Plugins\Downloaded\Zither Renaissance Windows 64-bit VST v1.0\Zither Renaissance.dll
[24/02/2025 19:08:12]     Skipped - e:\program files\fl studio\Plugins\Downloaded\VST\DecentSampler.dll
[24/02/2025 19:08:12]     Skipped - e:\program files\fl studio\Plugins\Downloaded\VST\Plogue Art et Technologie, Inc\sforzando VST_x64.dll
[24/02/2025 19:08:12]     Skipped - e:\program files\fl studio\Plugins\Downloaded\VST3\Plogue Art et Technologie, Inc\sforzando VST_x86.dll
[24/02/2025 19:08:12]     Scanning... [VST] C:\Program Files\Common Files\Universal Audio\Plug-Ins\uaudio_ua_1176.lunacomponent\algo.bundle\Contents\Windows\uaudio_ua_1176.x64.dll
[24/02/2025 19:08:12]     Verify plugin - C:\Program Files\Common Files\Universal Audio\Plug-Ins\uaudio_ua_1176.lunacomponent\algo.bundle\Contents\Windows\uaudio_ua_1176.x64.dll
[24/02/2025 19:08:13]     [verified] "uaudio_ua_1176.x64" error
[24/02/2025 19:08:13]     Failed to load plugin (!plugin.IsValid)
[24/02/2025 19:08:13]     Skipped - C:\Program Files (x86)\Common Files\VST3\DecentSampler.vst3
[24/02/2025 19:08:13]     Skipped - C:\Program Files (x86)\Common Files\VST3\TDR Nova.vst3
[24/02/2025 19:08:13]     Skipped - C:\Program Files\Common Files\VST3\ABP.vst3
[24/02/2025 19:08:13]     Skipped - C:\Program Files\Common Files\VST3\ABU.vst3
[24/02/2025 19:08:13]     Skipped - C:\Program Files\Common Files\VST3\AEU.vst3
[24/02/2025 19:08:13]     Skipped - C:\Program Files\Common Files\VST3\AGLP.vst3
[24/02/2025 19:08:13]     Skipped - C:\Program Files\Common Files\VST3\AGM.vst3
[24/02/2025 19:08:13]     Skipped - C:\Program Files\Common Files\VST3\Celemony\Melodyne\Melodyne.vst3
[24/02/2025 19:08:13]     Skipped - C:\Program Files\Common Files\VST3\DecentSampler.vst3
[24/02/2025 19:08:13]     Skipped - C:\Program Files\Common Files\VST3\Helm\helm.vst3
[24/02/2025 19:08:13]     Skipped - C:\Program Files\Common Files\VST3\Helm\helm64.vst3
[24/02/2025 19:08:13]     Skipped - C:\Program Files\Common Files\VST3\Kilohearts\kHs 3-Band EQ.vst3
[24/02/2025 19:08:13]     Skipped - C:\Program Files\Common Files\VST3\Kilohearts\kHs Bitcrush.vst3
[24/02/2025 19:08:13]     Skipped - C:\Program Files\Common Files\VST3\Kilohearts\kHs Channel Mixer.vst3
[24/02/2025 19:08:13]     Skipped - C:\Program Files\Common Files\VST3\Kilohearts\kHs Chorus.vst3
[24/02/2025 19:08:13]     Skipped - C:\Program Files\Common Files\VST3\Kilohearts\kHs Comb Filter.vst3
[24/02/2025 19:08:13]     Skipped - C:\Program Files\Common Files\VST3\Kilohearts\kHs Compressor.vst3
[24/02/2025 19:08:13]     Skipped - C:\Program Files\Common Files\VST3\Kilohearts\kHs Delay.vst3
[24/02/2025 19:08:13]     Skipped - C:\Program Files\Common Files\VST3\Kilohearts\kHs Distortion.vst3
[24/02/2025 19:08:13]     Skipped - C:\Program Files\Common Files\VST3\Kilohearts\kHs Dual Delay.vst3
[24/02/2025 19:08:13]     Skipped - C:\Program Files\Common Files\VST3\Kilohearts\kHs Dynamics.vst3
[24/02/2025 19:08:13]     Skipped - C:\Program Files\Common Files\VST3\Kilohearts\kHs Ensemble.vst3
[24/02/2025 19:08:13]     Skipped - C:\Program Files\Common Files\VST3\Kilohearts\kHs Filter.vst3
[24/02/2025 19:08:13]     Skipped - C:\Program Files\Common Files\VST3\Kilohearts\kHs Flanger.vst3
[24/02/2025 19:08:13]     Skipped - C:\Program Files\Common Files\VST3\Kilohearts\kHs Formant Filter.vst3
[24/02/2025 19:08:13]     Skipped - C:\Program Files\Common Files\VST3\Kilohearts\kHs Frequency Shifter.vst3
[24/02/2025 19:08:13]     Skipped - C:\Program Files\Common Files\VST3\Kilohearts\kHs Gain.vst3
[24/02/2025 19:08:13]     Skipped - C:\Program Files\Common Files\VST3\Kilohearts\kHs Gate.vst3
[24/02/2025 19:08:13]     Skipped - C:\Program Files\Common Files\VST3\Kilohearts\kHs Haas.vst3
[24/02/2025 19:08:13]     Skipped - C:\Program Files\Common Files\VST3\Kilohearts\kHs Ladder Filter.vst3
[24/02/2025 19:08:13]     Skipped - C:\Program Files\Common Files\VST3\Kilohearts\kHs Limiter.vst3
[24/02/2025 19:08:13]     Skipped - C:\Program Files\Common Files\VST3\Kilohearts\kHs Nonlinear Filter.vst3
[24/02/2025 19:08:13]     Skipped - C:\Program Files\Common Files\VST3\Kilohearts\kHs Phase Distortion.vst3
[24/02/2025 19:08:13]     Skipped - C:\Program Files\Common Files\VST3\Kilohearts\kHs Phaser.vst3
[24/02/2025 19:08:13]     Skipped - C:\Program Files\Common Files\VST3\Kilohearts\kHs Pitch Shifter.vst3
[24/02/2025 19:08:13]     Skipped - C:\Program Files\Common Files\VST3\Kilohearts\kHs Resonator.vst3
[24/02/2025 19:08:13]     Skipped - C:\Program Files\Common Files\VST3\Kilohearts\kHs Reverb.vst3
[24/02/2025 19:08:13]     Skipped - C:\Program Files\Common Files\VST3\Kilohearts\kHs Reverser.vst3
[24/02/2025 19:08:13]     Skipped - C:\Program Files\Common Files\VST3\Kilohearts\kHs Ring Mod.vst3
[24/02/2025 19:08:13]     Skipped - C:\Program Files\Common Files\VST3\Kilohearts\kHs Shaper.vst3
[24/02/2025 19:08:13]     Skipped - C:\Program Files\Common Files\VST3\Kilohearts\kHs Stereo.vst3
[24/02/2025 19:08:13]     Skipped - C:\Program Files\Common Files\VST3\Kilohearts\kHs Tape Stop.vst3
[24/02/2025 19:08:13]     Skipped - C:\Program Files\Common Files\VST3\Kilohearts\kHs Trance Gate.vst3
[24/02/2025 19:08:13]     Skipped - C:\Program Files\Common Files\VST3\Kilohearts\kHs Transient Shaper.vst3
[24/02/2025 19:08:13]     Skipped - C:\Program Files\Common Files\VST3\Krush.vst3\Contents\x86_64-win\Krush.vst3
[24/02/2025 19:08:13]     Skipped - C:\Program Files\Common Files\VST3\LockOn.vst3\Contents\x86_64-win\LockOn.vst3
[24/02/2025 19:08:13]     Skipped - C:\Program Files\Common Files\VST3\PaulXStretch.vst3\Contents\x86_64-win\PaulXStretch.vst3
[24/02/2025 19:08:13]     Skipped - C:\Program Files\Common Files\VST3\sforzando.vst3\Contents\x86_64-win\sforzando.vst3
[24/02/2025 19:08:13]     Skipped - C:\Program Files\Common Files\VST3\Sitar Renaissance Windows 64-bit VST3 v1.0\Sitar Renaissance.vst3
[24/02/2025 19:08:13]     Skipped - C:\Program Files\Common Files\VST3\Sweetcase EP.vst3
[24/02/2025 19:08:13]     Skipped - C:\Program Files\Common Files\VST3\TDR Nova.vst3
[24/02/2025 19:08:13]     Skipped - C:\Program Files\Common Files\VST3\TheMasker.vst3
[24/02/2025 19:08:13]     Skipped - C:\Program Files\Common Files\VST3\uaudio_ua_1176.vst3\Contents\x86_64-win\uaudio_ua_1176.vst3
[24/02/2025 19:08:13]     Skipped - C:\Program Files\Common Files\VST3\Vinyl Crackles Generator Windows 64-bit VST3 v1.0\Vinyl Crackles Generator.vst3
[24/02/2025 19:08:13]     Add plugins to list
[24/02/2025 19:08:13]     Clean up plugin names
[24/02/2025 19:08:13]     Added new files as presets and combined - count=191
[24/02/2025 19:08:13]     Store presets
[24/02/2025 19:08:13]     Store all presets - count=191 dbpath="E:\Music\Compositions\music\FL\FL Studio\Presets\Plugin database\"
[24/02/2025 19:08:14]         Store preset "Control Surface" - effect=1
[24/02/2025 19:08:14]         Save "Control Surface": created preset file "E:\Music\Compositions\music\FL\FL Studio\Presets\Plugin database\Installed\Effects\Fruity\Control Surface.fst"
[24/02/2025 19:08:14]         Store preset "Distructor" - effect=1
[24/02/2025 19:08:14]         Save "Distructor": created preset file "E:\Music\Compositions\music\FL\FL Studio\Presets\Plugin database\Installed\Effects\Fruity\Distructor.fst"
[24/02/2025 19:08:14]         Store preset "Edison" - effect=1
[24/02/2025 19:08:14]         Save "Edison": created preset file "E:\Music\Compositions\music\FL\FL Studio\Presets\Plugin database\Installed\Effects\Fruity\Edison.fst"
[24/02/2025 19:08:14]         Store preset "Effector" - effect=1
[24/02/2025 19:08:14]         Save "Effector": created preset file "E:\Music\Compositions\music\FL\FL Studio\Presets\Plugin database\Installed\Effects\Fruity\Effector.fst"
[24/02/2025 19:08:14]         Store preset "EQUO" - effect=1
[24/02/2025 19:08:14]         Save "EQUO": created preset file "E:\Music\Compositions\music\FL\FL Studio\Presets\Plugin database\Installed\Effects\Fruity\EQUO.fst"
[24/02/2025 19:08:14]         Store preset "Fruity 7 Band EQ" - effect=1
[24/02/2025 19:08:14]         Save "Fruity 7 Band EQ": created preset file "E:\Music\Compositions\music\FL\FL Studio\Presets\Plugin database\Installed\Effects\Fruity\Fruity 7 Band EQ.fst"
[24/02/2025 19:08:14]         Store preset "Fruity Balance" - effect=1
[24/02/2025 19:08:14]         Save "Fruity Balance": created preset file "E:\Music\Compositions\music\FL\FL Studio\Presets\Plugin database\Installed\Effects\Fruity\Fruity Balance.fst"
[24/02/2025 19:08:14]         Store preset "Fruity Bass Boost" - effect=1
[24/02/2025 19:08:14]         Save "Fruity Bass Boost": created preset file "E:\Music\Compositions\music\FL\FL Studio\Presets\Plugin database\Installed\Effects\Fruity\Fruity Bass Boost.fst"
[24/02/2025 19:08:14]         Store preset "Fruity Big Clock" - effect=1
[24/02/2025 19:08:14]         Save "Fruity Big Clock": created preset file "E:\Music\Compositions\music\FL\FL Studio\Presets\Plugin database\Installed\Effects\Fruity\Fruity Big Clock.fst"
[24/02/2025 19:08:14]         Store preset "Fruity Blood Overdrive" - effect=1
[24/02/2025 19:08:14]         Save "Fruity Blood Overdrive": created preset file "E:\Music\Compositions\music\FL\FL Studio\Presets\Plugin database\Installed\Effects\Fruity\Fruity Blood Overdrive.fst"
[24/02/2025 19:08:14]         Store preset "Fruity Center" - effect=1
[24/02/2025 19:08:14]         Save "Fruity Center": created preset file "E:\Music\Compositions\music\FL\FL Studio\Presets\Plugin database\Installed\Effects\Fruity\Fruity Center.fst"
[24/02/2025 19:08:14]         Store preset "Fruity Chorus" - effect=1
[24/02/2025 19:08:14]         Save "Fruity Chorus": created preset file "E:\Music\Compositions\music\FL\FL Studio\Presets\Plugin database\Installed\Effects\Fruity\Fruity Chorus.fst"
[24/02/2025 19:08:14]         Store preset "Fruity Compressor" - effect=1
[24/02/2025 19:08:14]         Save "Fruity Compressor": created preset file "E:\Music\Compositions\music\FL\FL Studio\Presets\Plugin database\Installed\Effects\Fruity\Fruity Compressor.fst"
[24/02/2025 19:08:14]         Store preset "Fruity Convolver" - effect=1
[24/02/2025 19:08:14]         Save "Fruity Convolver": created preset file "E:\Music\Compositions\music\FL\FL Studio\Presets\Plugin database\Installed\Effects\Fruity\Fruity Convolver.fst"
[24/02/2025 19:08:14]         Store preset "Fruity dB Meter" - effect=1
[24/02/2025 19:08:14]         Save "Fruity dB Meter": created preset file "E:\Music\Compositions\music\FL\FL Studio\Presets\Plugin database\Installed\Effects\Fruity\Fruity dB Meter.fst"
[24/02/2025 19:08:14]         Store preset "Fruity Delay 2" - effect=1
[24/02/2025 19:08:14]         Save "Fruity Delay 2": created preset file "E:\Music\Compositions\music\FL\FL Studio\Presets\Plugin database\Installed\Effects\Fruity\Fruity Delay 2.fst"
[24/02/2025 19:08:14]         Store preset "Fruity Delay 3" - effect=1
[24/02/2025 19:08:14]         Save "Fruity Delay 3": created preset file "E:\Music\Compositions\music\FL\FL Studio\Presets\Plugin database\Installed\Effects\Fruity\Fruity Delay 3.fst"
[24/02/2025 19:08:14]         Store preset "Fruity Delay Bank" - effect=1
[24/02/2025 19:08:14]         Save "Fruity Delay Bank": created preset file "E:\Music\Compositions\music\FL\FL Studio\Presets\Plugin database\Installed\Effects\Fruity\Fruity Delay Bank.fst"
[24/02/2025 19:08:14]         Store preset "Fruity Delay" - effect=1
[24/02/2025 19:08:14]         Save "Fruity Delay": created preset file "E:\Music\Compositions\music\FL\FL Studio\Presets\Plugin database\Installed\Effects\Fruity\Fruity Delay.fst"
[24/02/2025 19:08:14]         Store preset "Fruity Fast Dist" - effect=1
[24/02/2025 19:08:14]         Save "Fruity Fast Dist": created preset file "E:\Music\Compositions\music\FL\FL Studio\Presets\Plugin database\Installed\Effects\Fruity\Fruity Fast Dist.fst"
[24/02/2025 19:08:14]         Store preset "Fruity Fast LP" - effect=1
[24/02/2025 19:08:14]         Save "Fruity Fast LP": created preset file "E:\Music\Compositions\music\FL\FL Studio\Presets\Plugin database\Installed\Effects\Fruity\Fruity Fast LP.fst"
[24/02/2025 19:08:14]         Store preset "Fruity Filter" - effect=1
[24/02/2025 19:08:14]         Save "Fruity Filter": created preset file "E:\Music\Compositions\music\FL\FL Studio\Presets\Plugin database\Installed\Effects\Fruity\Fruity Filter.fst"
[24/02/2025 19:08:14]         Store preset "Fruity Flanger" - effect=1
[24/02/2025 19:08:14]         Save "Fruity Flanger": created preset file "E:\Music\Compositions\music\FL\FL Studio\Presets\Plugin database\Installed\Effects\Fruity\Fruity Flanger.fst"
[24/02/2025 19:08:14]         Store preset "Fruity Flangus" - effect=1
[24/02/2025 19:08:14]         Save "Fruity Flangus": created preset file "E:\Music\Compositions\music\FL\FL Studio\Presets\Plugin database\Installed\Effects\Fruity\Fruity Flangus.fst"
[24/02/2025 19:08:14]         Store preset "Fruity Formula Controller" - effect=1
[24/02/2025 19:08:14]         Save "Fruity Formula Controller": created preset file "E:\Music\Compositions\music\FL\FL Studio\Presets\Plugin database\Installed\Effects\Fruity\Fruity Formula Controller.fst"
[24/02/2025 19:08:14]         Store preset "Fruity Free Filter" - effect=1
[24/02/2025 19:08:14]         Save "Fruity Free Filter": created preset file "E:\Music\Compositions\music\FL\FL Studio\Presets\Plugin database\Installed\Effects\Fruity\Fruity Free Filter.fst"
[24/02/2025 19:08:14]         Store preset "Fruity HTML NoteBook" - effect=1
[24/02/2025 19:08:14]         Save "Fruity HTML NoteBook": created preset file "E:\Music\Compositions\music\FL\FL Studio\Presets\Plugin database\Installed\Effects\Fruity\Fruity HTML NoteBook.fst"
[24/02/2025 19:08:14]         Store preset "Fruity Limiter" - effect=1
[24/02/2025 19:08:14]         Save "Fruity Limiter": created preset file "E:\Music\Compositions\music\FL\FL Studio\Presets\Plugin database\Installed\Effects\Fruity\Fruity Limiter.fst"
[24/02/2025 19:08:14]         Store preset "Fruity Love Philter" - effect=1
[24/02/2025 19:08:14]         Save "Fruity Love Philter": created preset file "E:\Music\Compositions\music\FL\FL Studio\Presets\Plugin database\Installed\Effects\Fruity\Fruity Love Philter.fst"
[24/02/2025 19:08:14]         Store preset "Fruity LSD" - effect=1
[24/02/2025 19:08:14]         Save "Fruity LSD": created preset file "E:\Music\Compositions\music\FL\FL Studio\Presets\Plugin database\Installed\Effects\Fruity\Fruity LSD.fst"
[24/02/2025 19:08:14]         Store preset "Fruity Multiband Compressor" - effect=1
[24/02/2025 19:08:14]         Save "Fruity Multiband Compressor": created preset file "E:\Music\Compositions\music\FL\FL Studio\Presets\Plugin database\Installed\Effects\Fruity\Fruity Multiband Compressor.fst"
[24/02/2025 19:08:14]         Store preset "Fruity Mute 2" - effect=1
[24/02/2025 19:08:14]         Save "Fruity Mute 2": created preset file "E:\Music\Compositions\music\FL\FL Studio\Presets\Plugin database\Installed\Effects\Fruity\Fruity Mute 2.fst"
[24/02/2025 19:08:14]         Store preset "Fruity NoteBook 2" - effect=1
[24/02/2025 19:08:14]         Save "Fruity NoteBook 2": created preset file "E:\Music\Compositions\music\FL\FL Studio\Presets\Plugin database\Installed\Effects\Fruity\Fruity NoteBook 2.fst"
[24/02/2025 19:08:14]         Store preset "Fruity NoteBook" - effect=1
[24/02/2025 19:08:14]         Save "Fruity NoteBook": created preset file "E:\Music\Compositions\music\FL\FL Studio\Presets\Plugin database\Installed\Effects\Fruity\Fruity NoteBook.fst"
[24/02/2025 19:08:14]         Store preset "Fruity PanOMatic" - effect=1
[24/02/2025 19:08:14]         Save "Fruity PanOMatic": created preset file "E:\Music\Compositions\music\FL\FL Studio\Presets\Plugin database\Installed\Effects\Fruity\Fruity PanOMatic.fst"
[24/02/2025 19:08:14]         Store preset "Fruity Parametric EQ 2" - effect=1
[24/02/2025 19:08:14]         Save "Fruity Parametric EQ 2": created preset file "E:\Music\Compositions\music\FL\FL Studio\Presets\Plugin database\Installed\Effects\Fruity\Fruity Parametric EQ 2.fst"
[24/02/2025 19:08:14]         Store preset "Fruity Parametric EQ" - effect=1
[24/02/2025 19:08:14]         Save "Fruity Parametric EQ": created preset file "E:\Music\Compositions\music\FL\FL Studio\Presets\Plugin database\Installed\Effects\Fruity\Fruity Parametric EQ.fst"
[24/02/2025 19:08:14]         Store preset "Fruity Peak Controller" - effect=1
[24/02/2025 19:08:14]         Save "Fruity Peak Controller": created preset file "E:\Music\Compositions\music\FL\FL Studio\Presets\Plugin database\Installed\Effects\Fruity\Fruity Peak Controller.fst"
[24/02/2025 19:08:14]         Store preset "Fruity Phase Inverter" - effect=1
[24/02/2025 19:08:14]         Save "Fruity Phase Inverter": created preset file "E:\Music\Compositions\music\FL\FL Studio\Presets\Plugin database\Installed\Effects\Fruity\Fruity Phase Inverter.fst"
[24/02/2025 19:08:14]         Store preset "Fruity Phaser" - effect=1
[24/02/2025 19:08:14]         Save "Fruity Phaser": created preset file "E:\Music\Compositions\music\FL\FL Studio\Presets\Plugin database\Installed\Effects\Fruity\Fruity Phaser.fst"
[24/02/2025 19:08:14]         Store preset "Fruity Reeverb 2" - effect=1
[24/02/2025 19:08:14]         Save "Fruity Reeverb 2": created preset file "E:\Music\Compositions\music\FL\FL Studio\Presets\Plugin database\Installed\Effects\Fruity\Fruity Reeverb 2.fst"
[24/02/2025 19:08:14]         Store preset "Fruity Reeverb" - effect=1
[24/02/2025 19:08:14]         Save "Fruity Reeverb": created preset file "E:\Music\Compositions\music\FL\FL Studio\Presets\Plugin database\Installed\Effects\Fruity\Fruity Reeverb.fst"
[24/02/2025 19:08:14]         Store preset "Fruity Scratcher" - effect=1
[24/02/2025 19:08:14]         Save "Fruity Scratcher": created preset file "E:\Music\Compositions\music\FL\FL Studio\Presets\Plugin database\Installed\Effects\Fruity\Fruity Scratcher.fst"
[24/02/2025 19:08:14]         Store preset "Fruity Send" - effect=1
[24/02/2025 19:08:14]         Save "Fruity Send": created preset file "E:\Music\Compositions\music\FL\FL Studio\Presets\Plugin database\Installed\Effects\Fruity\Fruity Send.fst"
[24/02/2025 19:08:14]         Store preset "Fruity Soft Clipper" - effect=1
[24/02/2025 19:08:14]         Save "Fruity Soft Clipper": created preset file "E:\Music\Compositions\music\FL\FL Studio\Presets\Plugin database\Installed\Effects\Fruity\Fruity Soft Clipper.fst"
[24/02/2025 19:08:14]         Store preset "Fruity Spectroman" - effect=1
[24/02/2025 19:08:14]         Save "Fruity Spectroman": created preset file "E:\Music\Compositions\music\FL\FL Studio\Presets\Plugin database\Installed\Effects\Fruity\Fruity Spectroman.fst"
[24/02/2025 19:08:14]         Store preset "Fruity Squeeze" - effect=1
[24/02/2025 19:08:14]         Save "Fruity Squeeze": created preset file "E:\Music\Compositions\music\FL\FL Studio\Presets\Plugin database\Installed\Effects\Fruity\Fruity Squeeze.fst"
[24/02/2025 19:08:14]         Store preset "Fruity Stereo Enhancer" - effect=1
[24/02/2025 19:08:14]         Save "Fruity Stereo Enhancer": created preset file "E:\Music\Compositions\music\FL\FL Studio\Presets\Plugin database\Installed\Effects\Fruity\Fruity Stereo Enhancer.fst"
[24/02/2025 19:08:14]         Store preset "Fruity Stereo Shaper" - effect=1
[24/02/2025 19:08:14]         Save "Fruity Stereo Shaper": created preset file "E:\Music\Compositions\music\FL\FL Studio\Presets\Plugin database\Installed\Effects\Fruity\Fruity Stereo Shaper.fst"
[24/02/2025 19:08:14]         Store preset "Fruity Vocoder" - effect=1
[24/02/2025 19:08:14]         Save "Fruity Vocoder": created preset file "E:\Music\Compositions\music\FL\FL Studio\Presets\Plugin database\Installed\Effects\Fruity\Fruity Vocoder.fst"
[24/02/2025 19:08:14]         Store preset "Fruity WaveShaper" - effect=1
[24/02/2025 19:08:14]         Save "Fruity WaveShaper": created preset file "E:\Music\Compositions\music\FL\FL Studio\Presets\Plugin database\Installed\Effects\Fruity\Fruity WaveShaper.fst"
[24/02/2025 19:08:14]         Store preset "Fruity Wrapper" - effect=1
[24/02/2025 19:08:14]         Save "Fruity Wrapper": created preset file "E:\Music\Compositions\music\FL\FL Studio\Presets\Plugin database\Installed\Effects\Fruity\Fruity Wrapper.fst"
[24/02/2025 19:08:14]         Store preset "Fruity X-Y Controller" - effect=1
[24/02/2025 19:08:14]         Save "Fruity X-Y Controller": created preset file "E:\Music\Compositions\music\FL\FL Studio\Presets\Plugin database\Installed\Effects\Fruity\Fruity X-Y Controller.fst"
[24/02/2025 19:08:14]         Store preset "Fruity X-Y-Z Controller" - effect=1
[24/02/2025 19:08:14]         Save "Fruity X-Y-Z Controller": created preset file "E:\Music\Compositions\music\FL\FL Studio\Presets\Plugin database\Installed\Effects\Fruity\Fruity X-Y-Z Controller.fst"
[24/02/2025 19:08:14]         Store preset "Gross Beat" - effect=1
[24/02/2025 19:08:14]         Save "Gross Beat": created preset file "E:\Music\Compositions\music\FL\FL Studio\Presets\Plugin database\Installed\Effects\Fruity\Gross Beat.fst"
[24/02/2025 19:08:14]         Store preset "Hardcore" - effect=1
[24/02/2025 19:08:14]         Save "Hardcore": created preset file "E:\Music\Compositions\music\FL\FL Studio\Presets\Plugin database\Installed\Effects\Fruity\Hardcore.fst"
[24/02/2025 19:08:14]         Store preset "Maximus" - effect=1
[24/02/2025 19:08:14]         Save "Maximus": created preset file "E:\Music\Compositions\music\FL\FL Studio\Presets\Plugin database\Installed\Effects\Fruity\Maximus.fst"
[24/02/2025 19:08:14]         Store preset "Newtime" - effect=1
[24/02/2025 19:08:14]         Save "Newtime": created preset file "E:\Music\Compositions\music\FL\FL Studio\Presets\Plugin database\Installed\Effects\Fruity\Newtime.fst"
[24/02/2025 19:08:14]         Store preset "Newtone" - effect=1
[24/02/2025 19:08:14]         Save "Newtone": created preset file "E:\Music\Compositions\music\FL\FL Studio\Presets\Plugin database\Installed\Effects\Fruity\Newtone.fst"
[24/02/2025 19:08:14]         Store preset "Patcher" - effect=1
[24/02/2025 19:08:14]         Save "Patcher": created preset file "E:\Music\Compositions\music\FL\FL Studio\Presets\Plugin database\Installed\Effects\Fruity\Patcher.fst"
[24/02/2025 19:08:14]         Store preset "Pitcher" - effect=1
[24/02/2025 19:08:14]         Save "Pitcher": created preset file "E:\Music\Compositions\music\FL\FL Studio\Presets\Plugin database\Installed\Effects\Fruity\Pitcher.fst"
[24/02/2025 19:08:14]         Store preset "Razer Chroma" - effect=1
[24/02/2025 19:08:14]         Save "Razer Chroma": created preset file "E:\Music\Compositions\music\FL\FL Studio\Presets\Plugin database\Installed\Effects\Fruity\Razer Chroma.fst"
[24/02/2025 19:08:14]         Store preset "Soundgoodizer" - effect=1
[24/02/2025 19:08:14]         Save "Soundgoodizer": created preset file "E:\Music\Compositions\music\FL\FL Studio\Presets\Plugin database\Installed\Effects\Fruity\Soundgoodizer.fst"
[24/02/2025 19:08:14]         Store preset "Transient Processor" - effect=1
[24/02/2025 19:08:14]         Save "Transient Processor": created preset file "E:\Music\Compositions\music\FL\FL Studio\Presets\Plugin database\Installed\Effects\Fruity\Transient Processor.fst"
[24/02/2025 19:08:14]         Store preset "VFX Color Mapper" - effect=1
[24/02/2025 19:08:14]         Save "VFX Color Mapper": created preset file "E:\Music\Compositions\music\FL\FL Studio\Presets\Plugin database\Installed\Effects\Fruity\VFX Color Mapper.fst"
[24/02/2025 19:08:14]         Store preset "VFX Key Mapper" - effect=1
[24/02/2025 19:08:14]         Save "VFX Key Mapper": created preset file "E:\Music\Compositions\music\FL\FL Studio\Presets\Plugin database\Installed\Effects\Fruity\VFX Key Mapper.fst"
[24/02/2025 19:08:14]         Store preset "VFX Keyboard Splitter" - effect=1
[24/02/2025 19:08:14]         Save "VFX Keyboard Splitter": created preset file "E:\Music\Compositions\music\FL\FL Studio\Presets\Plugin database\Installed\Effects\Fruity\VFX Keyboard Splitter.fst"
[24/02/2025 19:08:14]         Store preset "VFX Level Scaler" - effect=1
[24/02/2025 19:08:14]         Save "VFX Level Scaler": created preset file "E:\Music\Compositions\music\FL\FL Studio\Presets\Plugin database\Installed\Effects\Fruity\VFX Level Scaler.fst"
[24/02/2025 19:08:14]         Store preset "Vocodex" - effect=1
[24/02/2025 19:08:14]         Save "Vocodex": created preset file "E:\Music\Compositions\music\FL\FL Studio\Presets\Plugin database\Installed\Effects\Fruity\Vocodex.fst"
[24/02/2025 19:08:14]         Store preset "Wave Candy" - effect=1
[24/02/2025 19:08:14]         Save "Wave Candy": created preset file "E:\Music\Compositions\music\FL\FL Studio\Presets\Plugin database\Installed\Effects\Fruity\Wave Candy.fst"
[24/02/2025 19:08:14]         Store preset "ZGameEditor Visualizer" - effect=1
[24/02/2025 19:08:14]         Save "ZGameEditor Visualizer": created preset file "E:\Music\Compositions\music\FL\FL Studio\Presets\Plugin database\Installed\Effects\Fruity\ZGameEditor Visualizer.fst"
[24/02/2025 19:08:14]         Store preset "kHs 3-Band EQ" - effect=1
[24/02/2025 19:08:14]         Save "kHs 3-Band EQ": created preset file "E:\Music\Compositions\music\FL\FL Studio\Presets\Plugin database\Installed\Effects\VST3\kHs 3-Band EQ.fst"
[24/02/2025 19:08:14]         Store preset "kHs Bitcrush" - effect=1
[24/02/2025 19:08:14]         Save "kHs Bitcrush": created preset file "E:\Music\Compositions\music\FL\FL Studio\Presets\Plugin database\Installed\Effects\VST3\kHs Bitcrush.fst"
[24/02/2025 19:08:14]         Store preset "kHs Channel Mixer" - effect=1
[24/02/2025 19:08:14]         Save "kHs Channel Mixer": created preset file "E:\Music\Compositions\music\FL\FL Studio\Presets\Plugin database\Installed\Effects\VST3\kHs Channel Mixer.fst"
[24/02/2025 19:08:14]         Store preset "kHs Chorus" - effect=1
[24/02/2025 19:08:14]         Save "kHs Chorus": created preset file "E:\Music\Compositions\music\FL\FL Studio\Presets\Plugin database\Installed\Effects\VST3\kHs Chorus.fst"
[24/02/2025 19:08:14]         Store preset "kHs Comb Filter" - effect=1
[24/02/2025 19:08:14]         Save "kHs Comb Filter": created preset file "E:\Music\Compositions\music\FL\FL Studio\Presets\Plugin database\Installed\Effects\VST3\kHs Comb Filter.fst"
[24/02/2025 19:08:14]         Store preset "kHs Compressor" - effect=1
[24/02/2025 19:08:14]         Save "kHs Compressor": created preset file "E:\Music\Compositions\music\FL\FL Studio\Presets\Plugin database\Installed\Effects\VST3\kHs Compressor.fst"
[24/02/2025 19:08:14]         Store preset "kHs Delay" - effect=1
[24/02/2025 19:08:14]         Save "kHs Delay": created preset file "E:\Music\Compositions\music\FL\FL Studio\Presets\Plugin database\Installed\Effects\VST3\kHs Delay.fst"
[24/02/2025 19:08:14]         Store preset "kHs Distortion" - effect=1
[24/02/2025 19:08:14]         Save "kHs Distortion": created preset file "E:\Music\Compositions\music\FL\FL Studio\Presets\Plugin database\Installed\Effects\VST3\kHs Distortion.fst"
[24/02/2025 19:08:14]         Store preset "kHs Dual Delay" - effect=1
[24/02/2025 19:08:14]         Save "kHs Dual Delay": created preset file "E:\Music\Compositions\music\FL\FL Studio\Presets\Plugin database\Installed\Effects\VST3\kHs Dual Delay.fst"
[24/02/2025 19:08:14]         Store preset "kHs Dynamics" - effect=1
[24/02/2025 19:08:14]         Save "kHs Dynamics": created preset file "E:\Music\Compositions\music\FL\FL Studio\Presets\Plugin database\Installed\Effects\VST3\kHs Dynamics.fst"
[24/02/2025 19:08:14]         Store preset "kHs Ensemble" - effect=1
[24/02/2025 19:08:14]         Save "kHs Ensemble": created preset file "E:\Music\Compositions\music\FL\FL Studio\Presets\Plugin database\Installed\Effects\VST3\kHs Ensemble.fst"
[24/02/2025 19:08:14]         Store preset "kHs Filter" - effect=1
[24/02/2025 19:08:14]         Save "kHs Filter": created preset file "E:\Music\Compositions\music\FL\FL Studio\Presets\Plugin database\Installed\Effects\VST3\kHs Filter.fst"
[24/02/2025 19:08:14]         Store preset "kHs Flanger" - effect=1
[24/02/2025 19:08:14]         Save "kHs Flanger": created preset file "E:\Music\Compositions\music\FL\FL Studio\Presets\Plugin database\Installed\Effects\VST3\kHs Flanger.fst"
[24/02/2025 19:08:14]         Store preset "kHs Formant Filter" - effect=1
[24/02/2025 19:08:14]         Save "kHs Formant Filter": created preset file "E:\Music\Compositions\music\FL\FL Studio\Presets\Plugin database\Installed\Effects\VST3\kHs Formant Filter.fst"
[24/02/2025 19:08:14]         Store preset "kHs Frequency Shifter" - effect=1
[24/02/2025 19:08:14]         Save "kHs Frequency Shifter": created preset file "E:\Music\Compositions\music\FL\FL Studio\Presets\Plugin database\Installed\Effects\VST3\kHs Frequency Shifter.fst"
[24/02/2025 19:08:14]         Store preset "kHs Gain" - effect=1
[24/02/2025 19:08:14]         Save "kHs Gain": created preset file "E:\Music\Compositions\music\FL\FL Studio\Presets\Plugin database\Installed\Effects\VST3\kHs Gain.fst"
[24/02/2025 19:08:14]         Store preset "kHs Gate" - effect=1
[24/02/2025 19:08:14]         Save "kHs Gate": created preset file "E:\Music\Compositions\music\FL\FL Studio\Presets\Plugin database\Installed\Effects\VST3\kHs Gate.fst"
[24/02/2025 19:08:14]         Store preset "kHs Haas" - effect=1
[24/02/2025 19:08:14]         Save "kHs Haas": created preset file "E:\Music\Compositions\music\FL\FL Studio\Presets\Plugin database\Installed\Effects\VST3\kHs Haas.fst"
[24/02/2025 19:08:14]         Store preset "kHs Ladder Filter" - effect=1
[24/02/2025 19:08:14]         Save "kHs Ladder Filter": created preset file "E:\Music\Compositions\music\FL\FL Studio\Presets\Plugin database\Installed\Effects\VST3\kHs Ladder Filter.fst"
[24/02/2025 19:08:14]         Store preset "kHs Limiter" - effect=1
[24/02/2025 19:08:14]         Save "kHs Limiter": created preset file "E:\Music\Compositions\music\FL\FL Studio\Presets\Plugin database\Installed\Effects\VST3\kHs Limiter.fst"
[24/02/2025 19:08:14]         Store preset "kHs Nonlinear Filter" - effect=1
[24/02/2025 19:08:14]         Save "kHs Nonlinear Filter": created preset file "E:\Music\Compositions\music\FL\FL Studio\Presets\Plugin database\Installed\Effects\VST3\kHs Nonlinear Filter.fst"
[24/02/2025 19:08:14]         Store preset "kHs Phase Distortion" - effect=1
[24/02/2025 19:08:14]         Save "kHs Phase Distortion": created preset file "E:\Music\Compositions\music\FL\FL Studio\Presets\Plugin database\Installed\Effects\VST3\kHs Phase Distortion.fst"
[24/02/2025 19:08:14]         Store preset "kHs Phaser" - effect=1
[24/02/2025 19:08:14]         Save "kHs Phaser": created preset file "E:\Music\Compositions\music\FL\FL Studio\Presets\Plugin database\Installed\Effects\VST3\kHs Phaser.fst"
[24/02/2025 19:08:14]         Store preset "kHs Pitch Shifter" - effect=1
[24/02/2025 19:08:14]         Save "kHs Pitch Shifter": created preset file "E:\Music\Compositions\music\FL\FL Studio\Presets\Plugin database\Installed\Effects\VST3\kHs Pitch Shifter.fst"
[24/02/2025 19:08:14]         Store preset "kHs Resonator" - effect=1
[24/02/2025 19:08:14]         Save "kHs Resonator": created preset file "E:\Music\Compositions\music\FL\FL Studio\Presets\Plugin database\Installed\Effects\VST3\kHs Resonator.fst"
[24/02/2025 19:08:14]         Store preset "kHs Reverb" - effect=1
[24/02/2025 19:08:14]         Save "kHs Reverb": created preset file "E:\Music\Compositions\music\FL\FL Studio\Presets\Plugin database\Installed\Effects\VST3\kHs Reverb.fst"
[24/02/2025 19:08:14]         Store preset "kHs Reverser" - effect=1
[24/02/2025 19:08:14]         Save "kHs Reverser": created preset file "E:\Music\Compositions\music\FL\FL Studio\Presets\Plugin database\Installed\Effects\VST3\kHs Reverser.fst"
[24/02/2025 19:08:14]         Store preset "kHs Ring Mod" - effect=1
[24/02/2025 19:08:14]         Save "kHs Ring Mod": created preset file "E:\Music\Compositions\music\FL\FL Studio\Presets\Plugin database\Installed\Effects\VST3\kHs Ring Mod.fst"
[24/02/2025 19:08:14]         Store preset "kHs Shaper" - effect=1
[24/02/2025 19:08:14]         Save "kHs Shaper": created preset file "E:\Music\Compositions\music\FL\FL Studio\Presets\Plugin database\Installed\Effects\VST3\kHs Shaper.fst"
[24/02/2025 19:08:14]         Store preset "kHs Stereo" - effect=1
[24/02/2025 19:08:14]         Save "kHs Stereo": created preset file "E:\Music\Compositions\music\FL\FL Studio\Presets\Plugin database\Installed\Effects\VST3\kHs Stereo.fst"
[24/02/2025 19:08:14]         Store preset "kHs Tape Stop" - effect=1
[24/02/2025 19:08:14]         Save "kHs Tape Stop": created preset file "E:\Music\Compositions\music\FL\FL Studio\Presets\Plugin database\Installed\Effects\VST3\kHs Tape Stop.fst"
[24/02/2025 19:08:14]         Store preset "kHs Trance Gate" - effect=1
[24/02/2025 19:08:14]         Save "kHs Trance Gate": created preset file "E:\Music\Compositions\music\FL\FL Studio\Presets\Plugin database\Installed\Effects\VST3\kHs Trance Gate.fst"
[24/02/2025 19:08:14]         Store preset "kHs Transient Shaper" - effect=1
[24/02/2025 19:08:14]         Save "kHs Transient Shaper": created preset file "E:\Music\Compositions\music\FL\FL Studio\Presets\Plugin database\Installed\Effects\VST3\kHs Transient Shaper.fst"
[24/02/2025 19:08:14]         Store preset "Krush" - effect=1
[24/02/2025 19:08:14]         Save "Krush": created preset file "E:\Music\Compositions\music\FL\FL Studio\Presets\Plugin database\Installed\Effects\VST3\Krush.fst"
[24/02/2025 19:08:14]         Store preset "LockOn" - effect=1
[24/02/2025 19:08:14]         Save "LockOn": created preset file "E:\Music\Compositions\music\FL\FL Studio\Presets\Plugin database\Installed\Effects\VST3\LockOn.fst"
[24/02/2025 19:08:14]         Store preset "Melodyne" - effect=1
[24/02/2025 19:08:14]         Save "Melodyne": created preset file "E:\Music\Compositions\music\FL\FL Studio\Presets\Plugin database\Installed\Effects\VST3\Melodyne.fst"
[24/02/2025 19:08:14]         Store preset "PaulXStretch" - effect=1
[24/02/2025 19:08:14]         Save "PaulXStretch": created preset file "E:\Music\Compositions\music\FL\FL Studio\Presets\Plugin database\Installed\Effects\VST3\PaulXStretch.fst"
[24/02/2025 19:08:14]         Store preset "TDR Nova" - effect=1
[24/02/2025 19:08:14]         Save "TDR Nova": created preset file "E:\Music\Compositions\music\FL\FL Studio\Presets\Plugin database\Installed\Effects\VST3\TDR Nova.fst"
[24/02/2025 19:08:14]         Store preset "TheMasker" - effect=1
[24/02/2025 19:08:14]         Save "TheMasker": created preset file "E:\Music\Compositions\music\FL\FL Studio\Presets\Plugin database\Installed\Effects\VST3\TheMasker.fst"
[24/02/2025 19:08:14]         Store preset "UADx 1176 FET Compressor" - effect=1
[24/02/2025 19:08:14]         Save "UADx 1176 FET Compressor": created preset file "E:\Music\Compositions\music\FL\FL Studio\Presets\Plugin database\Installed\Effects\VST3\UADx 1176 FET Compressor.fst"
[24/02/2025 19:08:14]         Store preset "CamelCrusher" - effect=1
[24/02/2025 19:08:14]         Save "CamelCrusher": created preset file "E:\Music\Compositions\music\FL\FL Studio\Presets\Plugin database\Installed\Effects\VST\CamelCrusher.fst"
[24/02/2025 19:08:14]         Store preset "Powershaper" - effect=1
[24/02/2025 19:08:14]         Save "Powershaper": created preset file "E:\Music\Compositions\music\FL\FL Studio\Presets\Plugin database\Installed\Effects\VST\Powershaper.fst"
[24/02/2025 19:08:14]         Store preset "SPAN" - effect=1
[24/02/2025 19:08:14]         Save "SPAN": created preset file "E:\Music\Compositions\music\FL\FL Studio\Presets\Plugin database\Installed\Effects\VST\SPAN.fst"
[24/02/2025 19:08:14]         Store preset "Youlean Loudness Meter 2" - effect=1
[24/02/2025 19:08:14]         Save "Youlean Loudness Meter 2": created preset file "E:\Music\Compositions\music\FL\FL Studio\Presets\Plugin database\Installed\Effects\VST\Youlean Loudness Meter 2.fst"
[24/02/2025 19:08:14]         Store preset "3x Osc" - effect=0
[24/02/2025 19:08:14]         Save "3x Osc": created preset file "E:\Music\Compositions\music\FL\FL Studio\Presets\Plugin database\Installed\Generators\Fruity\3x Osc.fst"
[24/02/2025 19:08:14]         Store preset "Autogun" - effect=0
[24/02/2025 19:08:14]         Save "Autogun": created preset file "E:\Music\Compositions\music\FL\FL Studio\Presets\Plugin database\Installed\Generators\Fruity\Autogun.fst"
[24/02/2025 19:08:14]         Store preset "BassDrum" - effect=0
[24/02/2025 19:08:14]         Save "BassDrum": created preset file "E:\Music\Compositions\music\FL\FL Studio\Presets\Plugin database\Installed\Generators\Fruity\BassDrum.fst"
[24/02/2025 19:08:14]         Store preset "BeepMap" - effect=0
[24/02/2025 19:08:14]         Save "BeepMap": created preset file "E:\Music\Compositions\music\FL\FL Studio\Presets\Plugin database\Installed\Generators\Fruity\BeepMap.fst"
[24/02/2025 19:08:14]         Store preset "BooBass" - effect=0
[24/02/2025 19:08:14]         Save "BooBass": created preset file "E:\Music\Compositions\music\FL\FL Studio\Presets\Plugin database\Installed\Generators\Fruity\BooBass.fst"
[24/02/2025 19:08:14]         Store preset "Dashboard" - effect=0
[24/02/2025 19:08:14]         Save "Dashboard": created preset file "E:\Music\Compositions\music\FL\FL Studio\Presets\Plugin database\Installed\Generators\Fruity\Dashboard.fst"
[24/02/2025 19:08:14]         Store preset "DirectWave" - effect=0
[24/02/2025 19:08:14]         Save "DirectWave": created preset file "E:\Music\Compositions\music\FL\FL Studio\Presets\Plugin database\Installed\Generators\Fruity\DirectWave.fst"
[24/02/2025 19:08:14]         Store preset "Drumaxx" - effect=0
[24/02/2025 19:08:14]         Save "Drumaxx": created preset file "E:\Music\Compositions\music\FL\FL Studio\Presets\Plugin database\Installed\Generators\Fruity\Drumaxx.fst"
[24/02/2025 19:08:14]         Store preset "Drumpad" - effect=0
[24/02/2025 19:08:14]         Save "Drumpad": created preset file "E:\Music\Compositions\music\FL\FL Studio\Presets\Plugin database\Installed\Generators\Fruity\Drumpad.fst"
[24/02/2025 19:08:14]         Store preset "FL Keys" - effect=0
[24/02/2025 19:08:14]         Save "FL Keys": created preset file "E:\Music\Compositions\music\FL\FL Studio\Presets\Plugin database\Installed\Generators\Fruity\FL Keys.fst"
[24/02/2025 19:08:14]         Store preset "FL Slayer" - effect=0
[24/02/2025 19:08:14]         Save "FL Slayer": created preset file "E:\Music\Compositions\music\FL\FL Studio\Presets\Plugin database\Installed\Generators\Fruity\FL Slayer.fst"
[24/02/2025 19:08:14]         Store preset "FL Studio Mobile" - effect=0
[24/02/2025 19:08:14]         Save "FL Studio Mobile": created preset file "E:\Music\Compositions\music\FL\FL Studio\Presets\Plugin database\Installed\Generators\Fruity\FL Studio Mobile.fst"
[24/02/2025 19:08:14]         Store preset "FLEX" - effect=0
[24/02/2025 19:08:14]         Save "FLEX": created preset file "E:\Music\Compositions\music\FL\FL Studio\Presets\Plugin database\Installed\Generators\Fruity\FLEX.fst"
[24/02/2025 19:08:14]         Store preset "FPC" - effect=0
[24/02/2025 19:08:14]         Save "FPC": created preset file "E:\Music\Compositions\music\FL\FL Studio\Presets\Plugin database\Installed\Generators\Fruity\FPC.fst"
[24/02/2025 19:08:14]         Store preset "Fruit Kick" - effect=0
[24/02/2025 19:08:14]         Save "Fruit Kick": created preset file "E:\Music\Compositions\music\FL\FL Studio\Presets\Plugin database\Installed\Generators\Fruity\Fruit Kick.fst"
[24/02/2025 19:08:14]         Store preset "Fruity Dance" - effect=0
[24/02/2025 19:08:14]         Save "Fruity Dance": created preset file "E:\Music\Compositions\music\FL\FL Studio\Presets\Plugin database\Installed\Generators\Fruity\Fruity Dance.fst"
[24/02/2025 19:08:14]         Store preset "Fruity DrumSynth Live" - effect=0
[24/02/2025 19:08:14]         Save "Fruity DrumSynth Live": created preset file "E:\Music\Compositions\music\FL\FL Studio\Presets\Plugin database\Installed\Generators\Fruity\Fruity DrumSynth Live.fst"
[24/02/2025 19:08:14]         Store preset "Fruity DX10" - effect=0
[24/02/2025 19:08:14]         Save "Fruity DX10": created preset file "E:\Music\Compositions\music\FL\FL Studio\Presets\Plugin database\Installed\Generators\Fruity\Fruity DX10.fst"
[24/02/2025 19:08:14]         Store preset "Fruity Envelope Controller" - effect=0
[24/02/2025 19:08:14]         Save "Fruity Envelope Controller": created preset file "E:\Music\Compositions\music\FL\FL Studio\Presets\Plugin database\Installed\Generators\Fruity\Fruity Envelope Controller.fst"
[24/02/2025 19:08:14]         Store preset "Fruity Granulizer" - effect=0
[24/02/2025 19:08:14]         Save "Fruity Granulizer": created preset file "E:\Music\Compositions\music\FL\FL Studio\Presets\Plugin database\Installed\Generators\Fruity\Fruity Granulizer.fst"
[24/02/2025 19:08:14]         Store preset "Fruity Keyboard Controller" - effect=0
[24/02/2025 19:08:14]         Save "Fruity Keyboard Controller": created preset file "E:\Music\Compositions\music\FL\FL Studio\Presets\Plugin database\Installed\Generators\Fruity\Fruity Keyboard Controller.fst"
[24/02/2025 19:08:14]         Store preset "Fruity Slicer" - effect=0
[24/02/2025 19:08:14]         Save "Fruity Slicer": created preset file "E:\Music\Compositions\music\FL\FL Studio\Presets\Plugin database\Installed\Generators\Fruity\Fruity Slicer.fst"
[24/02/2025 19:08:14]         Store preset "Fruity Soundfont Player" - effect=0
[24/02/2025 19:08:14]         Save "Fruity Soundfont Player": created preset file "E:\Music\Compositions\music\FL\FL Studio\Presets\Plugin database\Installed\Generators\Fruity\Fruity Soundfont Player.fst"
[24/02/2025 19:08:14]         Store preset "Fruity Video Player" - effect=0
[24/02/2025 19:08:14]         Save "Fruity Video Player": created preset file "E:\Music\Compositions\music\FL\FL Studio\Presets\Plugin database\Installed\Generators\Fruity\Fruity Video Player.fst"
[24/02/2025 19:08:14]         Store preset "Fruity Voltage Controller" - effect=0
[24/02/2025 19:08:14]         Save "Fruity Voltage Controller": created preset file "E:\Music\Compositions\music\FL\FL Studio\Presets\Plugin database\Installed\Generators\Fruity\Fruity Voltage Controller.fst"
[24/02/2025 19:08:14]         Store preset "Fruity Wrapper" - effect=0
[24/02/2025 19:08:14]         Save "Fruity Wrapper": created preset file "E:\Music\Compositions\music\FL\FL Studio\Presets\Plugin database\Installed\Generators\Fruity\Fruity Wrapper.fst"
[24/02/2025 19:08:14]         Store preset "GMS" - effect=0
[24/02/2025 19:08:14]         Save "GMS": created preset file "E:\Music\Compositions\music\FL\FL Studio\Presets\Plugin database\Installed\Generators\Fruity\GMS.fst"
[24/02/2025 19:08:14]         Store preset "Harmless" - effect=0
[24/02/2025 19:08:14]         Save "Harmless": created preset file "E:\Music\Compositions\music\FL\FL Studio\Presets\Plugin database\Installed\Generators\Fruity\Harmless.fst"
[24/02/2025 19:08:14]         Store preset "Harmor" - effect=0
[24/02/2025 19:08:14]         Save "Harmor": created preset file "E:\Music\Compositions\music\FL\FL Studio\Presets\Plugin database\Installed\Generators\Fruity\Harmor.fst"
[24/02/2025 19:08:14]         Store preset "MIDI Out" - effect=0
[24/02/2025 19:08:14]         Save "MIDI Out": created preset file "E:\Music\Compositions\music\FL\FL Studio\Presets\Plugin database\Installed\Generators\Fruity\MIDI Out.fst"
[24/02/2025 19:08:14]         Store preset "MiniSynth" - effect=0
[24/02/2025 19:08:14]         Save "MiniSynth": created preset file "E:\Music\Compositions\music\FL\FL Studio\Presets\Plugin database\Installed\Generators\Fruity\MiniSynth.fst"
[24/02/2025 19:08:14]         Store preset "Morphine" - effect=0
[24/02/2025 19:08:14]         Save "Morphine": created preset file "E:\Music\Compositions\music\FL\FL Studio\Presets\Plugin database\Installed\Generators\Fruity\Morphine.fst"
[24/02/2025 19:08:14]         Store preset "Ogun" - effect=0
[24/02/2025 19:08:14]         Save "Ogun": created preset file "E:\Music\Compositions\music\FL\FL Studio\Presets\Plugin database\Installed\Generators\Fruity\Ogun.fst"
[24/02/2025 19:08:14]         Store preset "Patcher" - effect=0
[24/02/2025 19:08:14]         Save "Patcher": created preset file "E:\Music\Compositions\music\FL\FL Studio\Presets\Plugin database\Installed\Generators\Fruity\Patcher.fst"
[24/02/2025 19:08:14]         Store preset "Plucked!" - effect=0
[24/02/2025 19:08:14]         Save "Plucked!": created preset file "E:\Music\Compositions\music\FL\FL Studio\Presets\Plugin database\Installed\Generators\Fruity\Plucked!.fst"
[24/02/2025 19:08:14]         Store preset "PoiZone" - effect=0
[24/02/2025 19:08:14]         Save "PoiZone": created preset file "E:\Music\Compositions\music\FL\FL Studio\Presets\Plugin database\Installed\Generators\Fruity\PoiZone.fst"
[24/02/2025 19:08:14]         Store preset "ReWired" - effect=0
[24/02/2025 19:08:14]         Save "ReWired": created preset file "E:\Music\Compositions\music\FL\FL Studio\Presets\Plugin database\Installed\Generators\Fruity\ReWired.fst"
[24/02/2025 19:08:14]         Store preset "Sakura" - effect=0
[24/02/2025 19:08:14]         Save "Sakura": created preset file "E:\Music\Compositions\music\FL\FL Studio\Presets\Plugin database\Installed\Generators\Fruity\Sakura.fst"
[24/02/2025 19:08:14]         Store preset "Sawer" - effect=0
[24/02/2025 19:08:14]         Save "Sawer": created preset file "E:\Music\Compositions\music\FL\FL Studio\Presets\Plugin database\Installed\Generators\Fruity\Sawer.fst"
[24/02/2025 19:08:14]         Store preset "SimSynth" - effect=0
[24/02/2025 19:08:14]         Save "SimSynth": created preset file "E:\Music\Compositions\music\FL\FL Studio\Presets\Plugin database\Installed\Generators\Fruity\SimSynth.fst"
[24/02/2025 19:08:14]         Store preset "Slicex" - effect=0
[24/02/2025 19:08:14]         Save "Slicex": created preset file "E:\Music\Compositions\music\FL\FL Studio\Presets\Plugin database\Installed\Generators\Fruity\Slicex.fst"
[24/02/2025 19:08:14]         Store preset "Sytrus" - effect=0
[24/02/2025 19:08:14]         Save "Sytrus": created preset file "E:\Music\Compositions\music\FL\FL Studio\Presets\Plugin database\Installed\Generators\Fruity\Sytrus.fst"
[24/02/2025 19:08:14]         Store preset "Toxic Biohazard" - effect=0
[24/02/2025 19:08:14]         Save "Toxic Biohazard": created preset file "E:\Music\Compositions\music\FL\FL Studio\Presets\Plugin database\Installed\Generators\Fruity\Toxic Biohazard.fst"
[24/02/2025 19:08:14]         Store preset "Transistor Bass" - effect=0
[24/02/2025 19:08:14]         Save "Transistor Bass": created preset file "E:\Music\Compositions\music\FL\FL Studio\Presets\Plugin database\Installed\Generators\Fruity\Transistor Bass.fst"
[24/02/2025 19:08:14]         Store preset "Wasp XT" - effect=0
[24/02/2025 19:08:14]         Save "Wasp XT": created preset file "E:\Music\Compositions\music\FL\FL Studio\Presets\Plugin database\Installed\Generators\Fruity\Wasp XT.fst"
[24/02/2025 19:08:14]         Store preset "Wasp" - effect=0
[24/02/2025 19:08:14]         Save "Wasp": created preset file "E:\Music\Compositions\music\FL\FL Studio\Presets\Plugin database\Installed\Generators\Fruity\Wasp.fst"
[24/02/2025 19:08:14]         Store preset "Wave Traveller" - effect=0
[24/02/2025 19:08:14]         Save "Wave Traveller": created preset file "E:\Music\Compositions\music\FL\FL Studio\Presets\Plugin database\Installed\Generators\Fruity\Wave Traveller.fst"
[24/02/2025 19:08:14]         Store preset "Ample Bass P" - effect=0
[24/02/2025 19:08:14]         Save "Ample Bass P": created preset file "E:\Music\Compositions\music\FL\FL Studio\Presets\Plugin database\Installed\Generators\VST3\Ample Bass P.fst"
[24/02/2025 19:08:14]         Store preset "Ample Bass U" - effect=0
[24/02/2025 19:08:14]         Save "Ample Bass U": created preset file "E:\Music\Compositions\music\FL\FL Studio\Presets\Plugin database\Installed\Generators\VST3\Ample Bass U.fst"
[24/02/2025 19:08:14]         Store preset "Ample Ethno U" - effect=0
[24/02/2025 19:08:14]         Save "Ample Ethno U": created preset file "E:\Music\Compositions\music\FL\FL Studio\Presets\Plugin database\Installed\Generators\VST3\Ample Ethno U.fst"
[24/02/2025 19:08:14]         Store preset "Ample Guitar LP" - effect=0
[24/02/2025 19:08:14]         Save "Ample Guitar LP": created preset file "E:\Music\Compositions\music\FL\FL Studio\Presets\Plugin database\Installed\Generators\VST3\Ample Guitar LP.fst"
[24/02/2025 19:08:14]         Store preset "Ample Guitar M" - effect=0
[24/02/2025 19:08:14]         Save "Ample Guitar M": created preset file "E:\Music\Compositions\music\FL\FL Studio\Presets\Plugin database\Installed\Generators\VST3\Ample Guitar M.fst"
[24/02/2025 19:08:14]         Store preset "DecentSampler" - effect=0
[24/02/2025 19:08:14]         Save "DecentSampler": created preset file "E:\Music\Compositions\music\FL\FL Studio\Presets\Plugin database\Installed\Generators\VST3\DecentSampler.fst"
[24/02/2025 19:08:14]         Store preset "Helm" - effect=0
[24/02/2025 19:08:14]         Save "Helm": created preset file "E:\Music\Compositions\music\FL\FL Studio\Presets\Plugin database\Installed\Generators\VST3\Helm.fst"
[24/02/2025 19:08:14]         Store preset "sforzando" - effect=0
[24/02/2025 19:08:14]         Save "sforzando": created preset file "E:\Music\Compositions\music\FL\FL Studio\Presets\Plugin database\Installed\Generators\VST3\sforzando.fst"
[24/02/2025 19:08:14]         Store preset "Sitar Renaissance" - effect=0
[24/02/2025 19:08:14]         Save "Sitar Renaissance": created preset file "E:\Music\Compositions\music\FL\FL Studio\Presets\Plugin database\Installed\Generators\VST3\Sitar Renaissance.fst"
[24/02/2025 19:08:14]         Store preset "Sweetcase EP" - effect=0
[24/02/2025 19:08:14]         Save "Sweetcase EP": created preset file "E:\Music\Compositions\music\FL\FL Studio\Presets\Plugin database\Installed\Generators\VST3\Sweetcase EP.fst"
[24/02/2025 19:08:14]         Store preset "Vinyl Crackles Generator" - effect=0
[24/02/2025 19:08:14]         Save "Vinyl Crackles Generator": created preset file "E:\Music\Compositions\music\FL\FL Studio\Presets\Plugin database\Installed\Generators\VST3\Vinyl Crackles Generator.fst"
[24/02/2025 19:08:14]         Store preset "Ample Guitar LP" - effect=0
[24/02/2025 19:08:14]         Save "Ample Guitar LP": created preset file "E:\Music\Compositions\music\FL\FL Studio\Presets\Plugin database\Installed\Generators\VST\Ample Guitar LP.fst"
[24/02/2025 19:08:14]         Store preset "Ample Percussion Cloudrum" - effect=0
[24/02/2025 19:08:14]         Save "Ample Percussion Cloudrum": created preset file "E:\Music\Compositions\music\FL\FL Studio\Presets\Plugin database\Installed\Generators\VST\Ample Percussion Cloudrum.fst"
[24/02/2025 19:08:14]         Store preset "Crystal Harp" - effect=0
[24/02/2025 19:08:14]         Save "Crystal Harp": created preset file "E:\Music\Compositions\music\FL\FL Studio\Presets\Plugin database\Installed\Generators\VST\Crystal Harp.fst"
[24/02/2025 19:08:14]         Store preset "DecentSampler" - effect=0
[24/02/2025 19:08:14]         Save "DecentSampler": created preset file "E:\Music\Compositions\music\FL\FL Studio\Presets\Plugin database\Installed\Generators\VST\DecentSampler.fst"
[24/02/2025 19:08:14]         Store preset "DSK AsianZ DreamZ" - effect=0
[24/02/2025 19:08:14]         Save "DSK AsianZ DreamZ": created preset file "E:\Music\Compositions\music\FL\FL Studio\Presets\Plugin database\Installed\Generators\VST\DSK AsianZ DreamZ.fst"
[24/02/2025 19:08:14]         Store preset "DSK World StringZ" - effect=0
[24/02/2025 19:08:14]         Save "DSK World StringZ": created preset file "E:\Music\Compositions\music\FL\FL Studio\Presets\Plugin database\Installed\Generators\VST\DSK World StringZ.fst"
[24/02/2025 19:08:14]         Store preset "Dynamic Guitars" - effect=0
[24/02/2025 19:08:14]         Save "Dynamic Guitars": created preset file "E:\Music\Compositions\music\FL\FL Studio\Presets\Plugin database\Installed\Generators\VST\Dynamic Guitars.fst"
[24/02/2025 19:08:14]         Store preset "Iowa Alto Sax" - effect=0
[24/02/2025 19:08:14]         Save "Iowa Alto Sax": created preset file "E:\Music\Compositions\music\FL\FL Studio\Presets\Plugin database\Installed\Generators\VST\Iowa Alto Sax.fst"
[24/02/2025 19:08:14]         Store preset "Love-Fi 2 Lite" - effect=0
[24/02/2025 19:08:14]         Save "Love-Fi 2 Lite": created preset file "E:\Music\Compositions\music\FL\FL Studio\Presets\Plugin database\Installed\Generators\VST\Love-Fi 2 Lite.fst"
[24/02/2025 19:08:14]         Store preset "sforzando" - effect=0
[24/02/2025 19:08:14]         Save "sforzando": created preset file "E:\Music\Compositions\music\FL\FL Studio\Presets\Plugin database\Installed\Generators\VST\sforzando.fst"
[24/02/2025 19:08:14]         Store preset "Sitar Renaissanc" - effect=0
[24/02/2025 19:08:14]         Save "Sitar Renaissanc": created preset file "E:\Music\Compositions\music\FL\FL Studio\Presets\Plugin database\Installed\Generators\VST\Sitar Renaissanc.fst"
[24/02/2025 19:08:14]         Store preset "Synth1 VSTi" - effect=0
[24/02/2025 19:08:14]         Save "Synth1 VSTi": created preset file "E:\Music\Compositions\music\FL\FL Studio\Presets\Plugin database\Installed\Generators\VST\Synth1 VSTi.fst"
[24/02/2025 19:08:14]         Store preset "The Bells" - effect=0
[24/02/2025 19:08:14]         Save "The Bells": created preset file "E:\Music\Compositions\music\FL\FL Studio\Presets\Plugin database\Installed\Generators\VST\The Bells.fst"
[24/02/2025 19:08:14]         Store preset "Upright Piano 1" - effect=0
[24/02/2025 19:08:14]         Save "Upright Piano 1": created preset file "E:\Music\Compositions\music\FL\FL Studio\Presets\Plugin database\Installed\Generators\VST\Upright Piano 1.fst"
[24/02/2025 19:08:14]         Store preset "Vinyl Crackles Generator" - effect=0
[24/02/2025 19:08:14]         Save "Vinyl Crackles Generator": created preset file "E:\Music\Compositions\music\FL\FL Studio\Presets\Plugin database\Installed\Generators\VST\Vinyl Crackles Generator.fst"
[24/02/2025 19:08:14]         Store preset "vRAM ePiano" - effect=0
[24/02/2025 19:08:14]         Save "vRAM ePiano": created preset file "E:\Music\Compositions\music\FL\FL Studio\Presets\Plugin database\Installed\Generators\VST\vRAM ePiano.fst"
[24/02/2025 19:08:14]         Store preset "Zither Renaissan" - effect=0
[24/02/2025 19:08:14]         Save "Zither Renaissan": created preset file "E:\Music\Compositions\music\FL\FL Studio\Presets\Plugin database\Installed\Generators\VST\Zither Renaissan.fst"
[24/02/2025 19:08:14]         Store preset "uaudio_ua_1176.x64" - effect=1
[24/02/2025 19:08:14]         Store preset "uaudio_ua_1176.x64" - effect=0
[24/02/2025 19:08:14]         Finished (store all presets)
[24/02/2025 19:08:14]     Store plugin IDs
[24/02/2025 19:08:14]     Finished (Scan - internal)
[24/02/2025 19:08:14] Thread terminated
[24/02/2025 19:08:16] Application stopped
